Download Code,D_num,Announced,Effective,GVKEY,PERMNO,TICKER,IBES Ticker,Company Name,COMPANY NAME - HISTORICAL,Company Name,URL,page,Start Date,End Date,Start Page,End Page,,Company,Start From Page,#of Page Visited,#of Page Downloaded,#of Records Downloaded,,
green,958653020,6/15/1999,1/4/2000,26008,78117,ACXT,ACXT,GRAPHIC PACKAGING CORPORATION,GRAPHIC PACKAGING INTL CORP,GRAPHIC PACKAGING INTL CORP,https://www.glassdoor.com/Reviews/Graphic-Packaging-International-Reviews-E2199.htm,100,6/15/1998,1/3/2001,Not in range,,,GRAPHIC PACKAGING CORPORATION,99,3,0,0,,
green,1084001020,1/28/2000,2/16/2000,24474,76846,TSCC,TSCC,TECHNOLOGY SOLUTIONS CO,TECHNOLOGY SOLUTIONS CO,TECHNOLOGY SOLUTIONS CO,https://www.glassdoor.com/Reviews/Technology-Solutions-IL-Reviews-E458.htm,3,1/28/1999,2/15/2001,Not in range,,,TECHNOLOGY SOLUTIONS CO,2,2,0,0,,
green,1042093020,1/31/2000,3/28/2000,1633,14198,ALOG,ALOG,ANALOGIC CORP,ANALOGIC CORP,ANALOGIC CORP,https://www.glassdoor.com/Reviews/Analogic-Reviews-E1133.htm,13,1/31/1999,3/28/2001,Not in range,,,ANALOGIC CORP,12,2,0,0,,
green,903763020,7/12/1999,4/3/2000,2086,27887,BAX,BAX,BAXTER INTERNATIONAL INC,BAXTER INTERNATIONAL INC,BAXTER INTERNATIONAL INC,https://www.glassdoor.com/Reviews/Baxter-Reviews-E83.htm,430,7/12/1998,4/3/2001,Not in range,,,BAXTER INTERNATIONAL INC,429,3,0,0,,
Not Found,892756020,6/10/1999,4/4/2000,28701,28353,RAL,RAL,RALSTON PURINA COMPANY,RALSTON PURINA CO,RALSTON PURINA CO,,,6/10/1998,4/4/2001,Not in range,,,RALSTON PURINA COMPANY,,,,,,
green,906356020,7/21/1999,4/17/2000,4367,32791,ENGY,ENGY,WEATHERFORD INTERNATIONAL PLC,WEATHERFORD INTERNATIONAL PLC,WEATHERFORD INTL PLC,https://www.glassdoor.com/Reviews/Weatherford-Reviews-E1715.htm,239,7/21/1998,4/17/2001,Not in range,,,WEATHERFORD INTERNATIONAL PLC,238,2,0,0,,
green,997497020,4/12/2000,4/30/2000,1878,85631,ACAD,ACAD,AUTODESK INC,AUTODESK INC,AUTODESK INC,https://www.glassdoor.com/Reviews/Autodesk-Reviews-E1155.htm,439,4/13/1999,4/30/2001,Not in range,,,AUTODESK INC,438,2,0,0,,
green,1004652020,5/9/2000,5/9/2000,122917,87173,LOOK,LOOK,LOOKSMART LTD,LOOKSMART LTD,LOOKSMART GROUP INC,https://www.glassdoor.com/Reviews/LookSmart-Reviews-E8363.htm,2,5/10/1999,5/9/2001,Not in range,,,LOOKSMART LTD,1,2,0,0,,
green,1033777020,9/30/1999,6/21/2000,9063,76282,RWIN,RWIN,AUTONATION INC,AUTONATION INC DEL,AUTONATION INC,https://www.glassdoor.com/Reviews/AutoNation-Reviews-E2593.htm,234,9/30/1998,6/21/2001,Not in range,,,AUTONATION INC,233,2,0,0,,
green,904488020,4/14/2000,6/29/2000,4839,25785,F,F,FORD MOTOR CO,FORD MOTOR CO DEL,FORD MOTOR CO,https://www.glassdoor.com/Reviews/Ford-Motor-Company-Reviews-E263.htm,1108,4/15/1999,6/29/2001,Not in range,,,FORD MOTOR CO,1107,3,0,0,,
Not Found,1061243020,10/4/1999,6/30/2000,13046,65315,DLWD,DLWD,DELTA WOODSIDE INDS INC,DELTA WOODSIDE INDS INC NEW,DELTA WOODSIDE INDUSTRIES,,,10/4/1998,6/30/2001,Not in range,,,DELTA WOODSIDE INDS INC,,,,,,
green,1027400020,4/11/2000,7/6/2000,63661,83942,ITIG,ITIG,INTELLIGROUP INC.,INTELLIGROUP INC,INTELLIGROUP INC,https://www.glassdoor.com/Reviews/IntelliGroup-Reviews-E3244271.htm,1,4/12/1999,7/6/2001,Not in range,,,INTELLIGROUP INC.,1,1,0,0,,
green,1024939020,1/27/2000,7/24/2000,1706,11581,APWR,APWR,ACTUANT CORPORATION,ACTUANT CORP,ACTUANT CORP -CL A,https://www.glassdoor.com/Reviews/Enerpac-Tool-Group-Reviews-E1140.htm,26,1/27/1999,7/24/2001,Not in range,,,ACTUANT CORPORATION,25,2,0,0,,
green,982714020,3/1/2000,10/2/2000,62599,83332,LU,LU,LUCENT TECHNOLOGIES INC,LUCENT TECHNOLOGIES INC,LUCENT TECHNOLOGIES INC,https://www.glassdoor.com/Reviews/Alcatel-Lucent-Reviews-E3453.htm,235,3/2/1999,10/2/2001,Not in range,,,LUCENT TECHNOLOGIES INC,234,2,0,0,,
green,937277020,10/27/1999,10/10/2000,12544,76123,SJP,SJP,ST JOE COMPANY,ST JOE CORP,ST JOE CO,https://www.glassdoor.com/Reviews/The-St-Joe-Company-Reviews-E938926.htm,10,10/27/1998,10/10/2001,Not in range,,,ST JOE COMPANY,9,2,0,0,,
Need Investigate,1002408020,4/24/2000,12/12/2000,15133,77579,SYB,SYB,APOGENT TECHNOLOGIES,APOGENT TECHNOLOGIES INC,APOGENT TECHNOLOGIES INC,"https://www.glassdoor.com/Overview/Working-at-Thermo-Fisher-Scientific-EI_IE658.11,35.htm",1185,4/25/1999,12/12/2001,Not in range,duplicate,,APOGENT TECHNOLOGIES,,,,,,
green,1016041020,6/8/2000,12/22/2000,141400,26382,FLR,FLR,MASSEY ENERGY COMPANY,MASSEY ENERGY CO,MASSEY ENERGY CO,https://www.glassdoor.com/Reviews/Massey-Energy-Reviews-E8426193.htm,1,6/9/1999,12/22/2001,Not in range,,,MASSEY ENERGY COMPANY,1,1,0,0,,
green,1081959020,1/14/2000,2/28/2001,8901,66683,RES,RES,RPC INCORPORATED,R P C ENERGY SVCS INC,RPC INC,https://www.glassdoor.com/Reviews/RPC-Reviews-E557.htm,5,1/14/1999,2/28/2002,Not in range,,,RPC INCORPORATED,4,2,0,0,,
green,1068976020,7/18/2000,4/2/2001,3480,38914,CDA,CDA,CERIDIAN CORPORATION,CERIDIAN CORP,CERIDIAN CORP,https://www.glassdoor.com/Reviews/Dayforce-Reviews-E179.htm,281,7/19/1999,4/2/2002,Not in range,,,CERIDIAN CORPORATION,280,3,0,0,,
green,1020416020,6/8/2000,5/14/2001,12256,10353,ADPT,ADPT,STEEL EXCEL INC,STELL EXCEL INC,STEEL EXCEL INC,https://www.glassdoor.com/Reviews/Steel-Energy-Reviews-E2444424.htm,1,6/9/1999,5/14/2002,Not in range,,,STEEL EXCEL INC,1,1,0,0,,
green,1073206020,12/8/2000,7/2/2001,9203,84381,ROK,ROK,ROCKWELL AUTOMATION INC,ROCKWELL AUTOMATION INC,ROCKWELL AUTOMATION,https://www.glassdoor.com/Reviews/Rockwell-Automation-Reviews-E567.htm,345,12/9/1999,7/2/2002,Not in range,,,ROCKWELL AUTOMATION INC,344,3,0,0,,
green,1224268020,11/27/2000,7/2/2001,6331,42067,KAB,KAB,FURMANITE CORP,FURMANITE CORP,FURMANITE CORP,https://www.glassdoor.com/Reviews/Furmanite-Reviews-E371.htm,4,11/28/1999,7/2/2002,Not in range,,,FURMANITE CORP,1,4,0,0,,
green,1052511020,10/1/2000,7/9/2001,4423,52476,EFX,EFX,EQUIFAX INC,EQUIFAX INC,EQUIFAX INC,https://www.glassdoor.com/Reviews/Equifax-Reviews-E232.htm,285,10/2/1999,7/9/2002,Not in range,,,EQUIFAX INC,284,3,0,0,,
green,1052020020,2/22/2001,8/7/2001,2403,19393,BMY,BMY,BRISTOLMYERS SQUIBB CO,BRISTOL MYERS SQUIBB CO,BRISTOL-MYERS SQUIBB CO,https://www.glassdoor.com/Reviews/Bristol-Myers-Squibb-Reviews-E107.htm,459,2/23/2000,8/7/2002,Not in range,,,BRISTOLMYERS SQUIBB CO,458,2,0,0,,
green,1221948020,7/20/2000,8/23/2001,61396,82488,ESST,ESST,ESS TECHNOLOGY INC,E S S TECHNOLOGY INC,ESS TECHNOLOGY INC,https://www.glassdoor.com/Reviews/ESS-Technology-Reviews-E4519.htm,2,7/21/1999,8/23/2002,Not in range,,,ESS TECHNOLOGY INC,1,2,0,0,,
Not Found,1198395020,6/28/2001,11/14/2001,7773,22066,NSI,NSI,NATIONAL SERVICE INDS INC,NATIONAL SERVICE INDUSTRIES INC,NATIONAL SERVICE INDS INC,,1,6/28/2000,11/14/2002,Not in range,,,NATIONAL SERVICE INDS INC,,,,,,
green,1073581020,12/11/2000,11/15/2001,8606,24459,PBI,PBI,PITNEY BOWES INC,PITNEY BOWES INC,PITNEY BOWES INC,https://www.glassdoor.com/Reviews/Pitney-Bowes-Reviews-E535.htm,279,12/12/1999,11/15/2002,Not in range,,,PITNEY BOWES INC,278,2,0,0,,
green,1228949020,1/31/2000,11/15/2001,10530,62092,TMO,TMO,THERMO FISHER SCIENTIFIC INC,THERMO ELECTRON CORP,THERMO FISHER SCIENTIFIC INC,https://www.glassdoor.com/Reviews/Thermo-Fisher-Scientific-Reviews-E658.htm,1185,1/31/1999,11/15/2002,Not in range,,,THERMO FISHER SCIENTIFIC INC,1184,4,0,0,,
green,1192517020,6/11/2001,2/19/2002,62885,85928,SERC,SERC,SERACARE INC,SERACARE INC,SERACARE INC,https://www.glassdoor.com/Reviews/SeraCare-Life-Sciences-Reviews-E7933.htm,6,6/11/2000,2/19/2003,Not in range,,,SERACARE INC,1,6,0,0,,
green,1256755020,11/15/2001,3/1/2002,61121,82155,AMIE,AMIE,AMBASSADORS INTERNATIONAL,AMBASSADORS INTERNATIONAL INC,AMBASSADORS INTERNATIONL INC,https://www.glassdoor.com/Reviews/Ambassadors-Group-Reviews-E14899.htm,1,11/15/2000,3/1/2003,Not in range,,,AMBASSADORS INTERNATIONAL,1,1,0,0,,
green,1273248020,7/15/2001,4/1/2002,63708,84026,DVD,DVD,DOVER MOTORSPORTS INC,DOVER MOTORSPORTS INC,DOVER MOTORSPORTS INC,https://www.glassdoor.com/Reviews/Dover-Motorsports-Reviews-E6219.htm,2,7/15/2000,4/1/2003,Not in range,,,DOVER MOTORSPORTS INC,1,2,0,0,,
green,1219213020,9/4/2001,6/3/2002,5229,12140,GR,GR,GOODRICH CORPORATION,GOODRICH B F CO,GOODRICH CORP,https://www.glassdoor.com/Reviews/Collins-Aerospace-Reviews-E2375726.htm,450,9/4/2000,6/3/2003,Not in range,,,GOODRICH CORPORATION,449,2,0,0,,
green,1264376020,1/22/2002,7/1/2002,15708,75646,AGN,AGN,ALLERGAN INC,ALLERGAN INC,ALLERGAN INC,https://www.glassdoor.com/Reviews/Allergan-Aesthetics-Reviews-E4820678.htm,13,1/22/2001,7/1/2003,Not in range,,,ALLERGAN INC,12,2,0,0,,
green,1195012020,6/14/2001,7/23/2002,12559,10667,ARSN,ARSN,FUEL SYSTEMS SOLUTIONS INC,FUEL SYSTEMS SOLUTIONS INC,FUEL SYSTEMS SOLUTIONS INC,https://www.glassdoor.com/Reviews/Westport-Fuel-Systems-Reviews-E1375837.htm,4,6/14/2000,7/23/2003,Not in range,,,FUEL SYSTEMS SOLUTIONS INC,1,4,0,0,,
green,1273272020,2/25/2002,10/1/2002,5581,32707,HP,HP,HELMERICH AND PAYNE INC,HELMERICH & PAYNE INC,HELMERICH & PAYNE,https://www.glassdoor.com/Reviews/Helmerich-and-Payne-Reviews-E23254.htm,40,2/25/2001,10/1/2003,Not in range,,,HELMERICH AND PAYNE INC,39,3,0,0,,
green,1273291020,2/22/2002,10/1/2002,3054,47175,CC,CC,CIRCUIT CITY STORES INC,CIRCUIT CITY STORES INC,CIRCUIT CITY STORES INC,https://www.glassdoor.com/Reviews/Circuit-City-Reviews-E8231.htm,65,2/22/2001,10/1/2003,Not in range,,,CIRCUIT CITY STORES INC,64,2,0,0,,
green,1279953020,3/14/2002,10/1/2002,11649,59483,YELL,YELL,YRC WORLDWIDE INC,Y R C WORLDWIDE INC,YRC WORLDWIDE INC,https://www.glassdoor.com/Reviews/YRC-Worldwide-Reviews-E2050.htm,23,3/14/2001,10/1/2003,Not in range,,,YRC WORLDWIDE INC,22,3,0,0,,
green,1285502020,10/30/2002,11/1/2002,29722,80236,DSPG,DSPG,DSP GROUP INC,D S P GROUP INC,DSP GROUP INC,https://www.glassdoor.com/Reviews/DSP-Group-Reviews-E2558.htm,9,10/30/2001,11/1/2003,Not in range,,,DSP GROUP INC,8,2,0,0,,
green,1337206020,10/21/2002,12/19/2002,8627,63240,PLX1,PLX1,PLAINS RES INC,PLAINS RESOURCES INC,PLAINS RESOURCES INC,https://www.glassdoor.com/Reviews/Plains-All-American-Pipeline-Reviews-E8858.htm,31,10/21/2001,12/19/2003,Not in range,,,PLAINS RES INC,30,3,0,0,,
green,1336812020,10/21/2002,4/1/2003,64156,84342,TMPW,TMPW,MONSTER WORLDWIDE INC,MONSTER WORLDWIDE INC,MONSTER WORLDWIDE INC,https://www.glassdoor.com/Reviews/Monster-Worldwide-Reviews-E3411.htm,141,10/21/2001,3/31/2004,Not in range,,,MONSTER WORLDWIDE INC,140,2,0,0,,
green,1379899020,3/24/2003,6/30/2003,116526,86496,CNXT,CNXT,CONEXANT SYSTEMS INC,CONEXANT SYSTEMS INC,CONEXANT SYSTEMS INC,https://www.glassdoor.com/Reviews/Conexant-Systems-Reviews-E8975.htm,13,3/24/2002,6/29/2004,Not in range,,,CONEXANT SYSTEMS INC,12,2,0,0,,
green,1389126020,4/22/2003,7/1/2003,2845,53831,CTX,CTX,CENTEX CORPORATION,CENTEX CORP,CENTEX CORP,https://www.glassdoor.com/Reviews/Centex-Reviews-E18912.htm,10,4/22/2002,6/30/2004,Not in range,,,CENTEX CORPORATION,9,2,0,0,,
green,1387525020,4/22/2003,8/20/2003,7257,22752,MRK,MRK,"MERCK & CO., INC.",MERCK & CO INC NEW,MERCK & CO,https://www.glassdoor.com/Reviews/Merck-Reviews-E438.htm,596,4/22/2002,8/19/2004,Not in range,,,"MERCK & CO., INC.",595,3,0,0,,
green,1410848020,7/2/2003,9/10/2003,25774,77971,EFII,EFII,ELECTRONICS FOR IMAGING INC,ELECTRONICS FOR IMAGING INC,ELECTRONICS FOR IMAGING INC,https://www.glassdoor.com/Reviews/EFI-Reviews-E2243.htm,94,7/2/2002,9/9/2004,Not in range,,,ELECTRONICS FOR IMAGING INC,93,2,0,0,,
Not Found,1378176020,3/17/2003,9/16/2003,21763,76448,TFS,TFS,THREE-FIVE SYSTEMS INCORPORATED,THREE FIVE SYSTEMS INC,THREE-FIVE SYSTEMS INC,,4,3/17/2002,9/15/2004,Not in range,,,THREE-FIVE SYSTEMS INCORPORATED,,,,,,
green,1360301020,9/26/2002,10/15/2003,1823,15457,ATRO,ATRO,ASTRONICS CORP,ASTRONICS CORP,ASTRONICS CORP,https://www.glassdoor.com/Reviews/Astronics-Reviews-E1149.htm,22,9/26/2001,10/14/2004,Not in range,,,ASTRONICS CORP,21,2,0,0,,
Not Found,1361276020,1/6/2003,10/29/2003,132502,87800,PAMP,PAMP,PALM INC,PALM INC,PALM INC,,0,1/6/2002,10/28/2004,Not in range,,,PALM INC,,,,,,
green,1370494020,2/12/2003,12/1/2003,24187,89306,GHVI,GHVI,"NEIGHBORCARE, INC.",NEIGHBORCARE INC,NEIGHBORCARE INC,https://www.glassdoor.com/Reviews/Neighborcare-Health-Reviews-E686824.htm,15,2/12/2002,11/30/2004,Not in range,,,"NEIGHBORCARE, INC.",14,2,0,0,,
green,1426370020,8/21/2003,5/3/2004,1078,20482,ABT,ABT,ABBOTT LABORATORIES,ABBOTT LABORATORIES,ABBOTT LABORATORIES,https://www.glassdoor.com/Reviews/Abbott-Reviews-E12.htm,904,8/21/2002,5/3/2005,Not in range,,,ABBOTT LABORATORIES,903,3,0,0,,
green,1460786020,12/18/2003,5/3/2004,61656,82734,PCOP,PCOP,ACCELRYS INC,ACCELRYS INC,ACCELRYS INC,https://www.glassdoor.com/Reviews/Accelrys-Reviews-E14299.htm,5,12/18/2002,5/3/2005,Not in range,,,ACCELRYS INC,1,5,0,0,,
green,1506840020,3/15/2004,6/8/2004,32280,89130,.,LBTY,LIBERTY MEDIA CORP,LIBERTY MEDIA CORP NEW,STARZ,https://www.glassdoor.com/Reviews/Liberty-Media-Reviews-E5991.htm,1,3/16/2003,6/8/2005,Not in range,spinoff 2012,,LIBERTY MEDIA CORP,1,1,0,0,,
green,1311101020,7/11/2002,11/9/2004,7759,58501,NPD,NPD,GP STRATEGIES CORP,G P STRATEGIES CORP,GP STRATEGIES CORP,https://www.glassdoor.com/Reviews/GP-Strategies-Reviews-E957.htm,94,7/11/2001,11/9/2005,Not in range,,,GP STRATEGIES CORP,93,2,0,0,,
green,1613492020,10/27/2004,11/15/2004,28924,79667,BKS,BKS,BARNES & NOBLE INC.,BARNES & NOBLE INC,BARNES & NOBLE INC,https://www.glassdoor.com/Reviews/Barnes-and-Noble-Reviews-E2439.htm,779,10/28/2003,11/15/2005,Not in range,,,BARNES & NOBLE INC.,778,2,0,0,,
green,1501311020,2/25/2004,11/30/2004,6435,17750,KMB,KMB,KIMBERLY-CLARK CORP,KIMBERLY CLARK CORP,KIMBERLY-CLARK CORP,https://www.glassdoor.com/Reviews/Kimberly-Clark-Reviews-E383.htm,294,2/25/2003,11/30/2005,Not in range,,,KIMBERLY-CLARK CORP,293,2,0,0,,
green,1527753020,5/18/2004,1/19/2005,1243,24264,AL,AL,ALCAN INC,ALCAN ALUMINUM LTD,ALCAN INC,https://www.glassdoor.com/Reviews/Alcan-Rolled-Products-Ravenswood-Reviews-E443282.htm,1,5/19/2003,1/19/2006,Not in range,,,ALCAN INC,1,1,0,0,,
green,1634892020,1/26/2005,6/28/2005,62655,83421,SWZA,SWZA,DEAN FOODS CO,DEAN FOODS CO NEW,DEAN FOODS CO,https://www.glassdoor.com/Reviews/Dean-Foods-Reviews-E3878.htm,62,1/27/2004,6/28/2006,Not in range,,,DEAN FOODS CO,61,2,0,0,,
duplicate,1651997020,3/15/2005,7/21/2005,32280,89130,LBTY,LBTY,LIBERTY MEDIA CORP,LIBERTY MEDIA CORP NEW,STARZ,https://www.glassdoor.com/Reviews/Liberty-Media-Reviews-E5991.htm,1,3/15/2004,7/21/2006,Not in range,,,LIBERTY MEDIA CORP,1,1,0,0,,
green,1637399020,1/19/2005,8/1/2005,14064,19289,MCC3,MCC3,MESTEK INC,MESTEK INC,MESTEK INC,https://www.glassdoor.com/Reviews/Mestek-Reviews-E443.htm,7,1/20/2004,8/1/2006,Not in range,,,MESTEK INC,1,7,0,0,,
Need Investigate,1678350020,12/15/2004,8/1/2005,10498,40694,TXI,TXI,TEXAS INDS INC,TEXAS INDUSTRIES INC,TEXAS INDUSTRIES INC,https://www.glassdoor.com/Reviews/Martin-Marietta-Materials-Reviews-E3568.htm,54,12/16/2003,8/1/2006,Not in range,,,TEXAS INDS INC,,,,,,
green,1626566020,12/21/2004,8/9/2005,26061,78840,SKTV,SKTV,IAC_INTERACTIVECORP,IAC INTERACTIVECORP,IAC/INTERACTIVECORP,https://www.glassdoor.com/Reviews/IAC-Reviews-E6672.htm,28,12/22/2003,8/9/2006,Not in range,,,IAC_INTERACTIVECORP,27,3,0,0,,
green,1661511020,4/29/2005,12/22/2005,3105,24046,CLCH,CLCH,CLEAR CHANNEL COMMUNICATIONS,CLEAR CHANNEL COMMUNICATIONS IN,IHEARTMEDIA INC,https://www.glassdoor.com/Reviews/Clear-Channel-Outdoor-Reviews-E635968.htm,59,4/29/2004,12/22/2006,Not in range,,,CLEAR CHANNEL COMMUNICATIONS,58,2,0,0,,
Need Investigate,1674219020,6/14/2005,1/3/2006,13714,75104,VIA,VIA,VIACOM INTL INC,VIACOM INC,CBS CORP,https://www.glassdoor.com/Reviews/Paramount-Reviews-E40260.htm,382,6/14/2004,1/3/2007,Inv,,,VIACOM INTL INC,,,,,,
green,1684048020,8/3/2005,1/3/2006,5284,83989,GCOM,GCOM,GRAY TELEVISION INC,GRAY TELEVISION INC,GRAY TELEVISION INC,https://www.glassdoor.com/Reviews/Gray-Television-Reviews-E4868.htm,51,8/3/2004,1/3/2007,Not in range,,,GRAY TELEVISION INC,50,2,0,0,,
green,1638823020,2/10/2005,9/6/2006,9411,22840,SLE,SLE,HILLSHIRE BRANDS CO,HILLSHIRE BRANDS CO,HILLSHIRE BRANDS CO,https://www.glassdoor.com/Reviews/Hillshire-Brands-Reviews-E624483.htm,13,2/11/2004,9/6/2007,Not in range,,,HILLSHIRE BRANDS CO,12,2,0,0,,
Need Investigate,1730664020,1/26/2006,10/2/2006,25157,77546,FDC1,FDC1,FIRST DATA,FIRST DATA CORP,FIRST DATA CORP,https://www.glassdoor.com/Reviews/Fiserv-Reviews-E1384.htm,1030,1/26/2005,10/2/2007,Inv,,,FIRST DATA,,,,,,
green,1769501020,6/19/2006,11/17/2006,1239,42083,ACV,ACV,ALBERTO CULVER CO,ALBERTO CULVER CO NEW,ALBERTO-CULVER CO,https://www.glassdoor.com/Reviews/Alberto-Culver-Reviews-E21.htm,5,6/19/2005,11/17/2007,Not in range,,,ALBERTO CULVER CO,1,6,0,0,,
green,1717019020,12/5/2005,11/20/2006,2136,65875,BEL,BEL,VERIZON COMMUNICATIONS INC,VERIZON COMMUNICATIONS INC,VERIZON COMMUNICATIONS INC,https://www.glassdoor.com/Reviews/Verizon-Reviews-E89.htm,3467,12/5/2004,11/20/2007,Not in range,,,VERIZON COMMUNICATIONS INC,3466,3,0,0,,
green,1781948020,8/2/2006,4/2/2007,1891,44644,AUD,AUD,AUTOMATIC DATA PROCESSING INC,AUTOMATIC DATA PROCESSING INC,AUTOMATIC DATA PROCESSING,https://www.glassdoor.com/Reviews/ADP-Reviews-E64.htm,2147,8/2/2005,4/1/2008,Not in range,,,AUTOMATIC DATA PROCESSING INC,2146,3,0,0,,
green,1727788020,1/13/2006,7/2/2007,10787,45356,TYC,TYC,JOHNSON CONTROLS INTERNATIONAL P,JOHNSON CONTROLS INTL PLC,TYCO INTERNATIONAL PLC,https://www.glassdoor.com/Reviews/Johnson-Controls-Reviews-E365.htm,913,1/13/2005,7/1/2008,912,End,,JOHNSON CONTROLS INTERNATIONAL P,911,3,2,16,,
green,1828427020,1/8/2007,10/1/2007,7648,84372,NCR,NCR,NCR CORPORATION,N C R CORP NEW,NCR CORP,https://www.glassdoor.com/Reviews/NCR-Reviews-E4212.htm,762,1/8/2006,9/30/2008,760,End,,NCR CORPORATION,759,4,3,27,,
green,1869388020,4/19/2007,11/1/2007,142460,88991,PEAB,PEAB,PEABODY ENERGY CORP,PEABODY ENERGY CORP,PEABODY ENERGY CORP,https://www.glassdoor.com/Reviews/Peabody-Reviews-E8046.htm,28,4/19/2006,10/31/2008,Not in range,,,PEABODY ENERGY CORP,27,2,0,0,,
green,1890896020,7/23/2007,11/1/2007,146017,89216,AYI,AYI,ACUITY BRANDS INC,ACUITY BRANDS INC,ACUITY BRANDS INC,https://www.glassdoor.com/Reviews/Acuity-Inc-Reviews-E13436.htm,63,7/23/2006,10/31/2008,63,End,,ACUITY BRANDS INC,62,2,1,4,,
green,1899036020,7/2/2007,11/14/2007,145512,89265,APPX,APPX,APP PHARMACEUTICALS INC,A P P PHARMACEUTICALS INC,APP PHARMACEUTICALS INC,https://www.glassdoor.com/Reviews/APP-Pharmaceuticals-Reviews-E43267.htm,1,7/2/2006,11/13/2008,All,,,APP PHARMACEUTICALS INC,1,1,0,0,,
green,1843920020,2/26/2007,12/31/2007,10426,66114,TIN,TIN,TEMPLE INLAND INC,TEMPLE INLAND INC,TEMPLE-INLAND INC,https://www.glassdoor.com/Reviews/Temple-Inland-Reviews-E645.htm,7,2/26/2006,12/30/2008,All,,,TEMPLE INLAND INC,1,7,0,0,,
Need Investigate,1916095020,10/18/2007,1/31/2008,29887,88681,WW,WW,WATSON WYATT WORLDWIDE INC,WATSON WYATT & CO HOLDINGS,TOWERS WATSON & CO,https://www.glassdoor.com/Reviews/WTW-Reviews-E1122768.htm,771,10/18/2006,1/30/2009,Inv,,,WATSON WYATT WORLDWIDE INC,,,,,,
Not Found,1911231020,10/1/2007,2/11/2008,2150,65509,BLC,BLC,BELO CORP,BELO A H CORP,BELO CORP -SER A COM,,,10/1/2006,2/10/2009,Not found,,,BELO CORP,,,,,,
green,1777138020,5/10/2007,4/1/2008,5639,52716,HB,HB,HILL-ROM HOLDINGS INC,HILL ROM HOLDINGS INC,HILL-ROM HOLDINGS INC,https://www.glassdoor.com/Reviews/Hill-Rom-Reviews-E19740.htm,58,5/10/2006,4/1/2009,Not in range,,,HILL-ROM HOLDINGS INC,57,2,1,6,,
green,1915098020,10/16/2007,7/1/2008,14535,84176,EWSC,EWSC,E. W. SCRIPPS CO,SCRIPPS E W CO OHIO,EW SCRIPPS -CL A,https://www.glassdoor.com/Reviews/The-E-W-Scripps-Company-Reviews-E1355.htm,64,10/16/2006,7/1/2009,63,End,,E. W. SCRIPPS CO,62,3,2,11,,
green,1919100020,10/25/2007,7/3/2008,165993,89003,CEY,CEY,FIDELITY NATIONAL INFORMATION SE,FIDELITY NATIONAL INFO SVCS INC,FIDELITY NATIONAL INFO SVCS,https://www.glassdoor.com/Reviews/FIS-Reviews-E313114.htm,1265,10/25/2006,7/3/2009,1259,End,,FIDELITY NATIONAL INFORMATION SE,1258,8,7,62,,
green,1921829020,10/29/2007,8/1/2008,142811,89004,FTI1,FTI1,FMC TECHNOLOGIES INC,F M C TECHNOLOGIES INC,FMC TECHNOLOGIES INC,https://www.glassdoor.com/Reviews/FMC-Technologies-Reviews-E13228.htm,64,10/29/2006,8/1/2009,,,,FMC TECHNOLOGIES INC,63,3,1,10,,
Not Found,1925083020,11/14/2007,8/19/2008,61880,84067,INB,INB,,,INTEGRATED BIOPHARMA INC,,1,11/14/2006,8/19/2009,,,,,,,,,,
green,1921929020,11/5/2007,8/21/2008,26061,78840,SKTV,SKTV,IAC_INTERACTIVECORP,IAC INTERACTIVECORP,IAC/INTERACTIVECORP,https://www.glassdoor.com/Reviews/IAC-Reviews-E6672.htm,28,11/5/2006,8/21/2009,,,,IAC-INTERACTIVECORP,24,6,4,40,,
green,1934978020,12/13/2007,9/26/2008,164296,90805,DCHA,DCHA,DISCOVERY INC,DISCOVERY COMMUNICATIONS INC,DISCOVERY INC,https://www.glassdoor.com/Reviews/Discovery-Inc-Reviews-E4220.htm,156,12/13/2006,9/26/2009,,,,DISCOVERY INC,153,4,3,25,,
green,1955865020,2/26/2008,10/1/2008,64165,84320,MAST,MAST,IGATE CORP,IGATE CORP,IGATE CORP,https://www.glassdoor.com/Reviews/IGATE-Reviews-E3280.htm,279,2/26/2007,10/1/2009,,,,IGATE CORP,277,3,2,11,,
green,1955205020,2/25/2008,11/3/2008,28590,18649,PZB,PZB,BRINKS CO,BRINKS CO,BRINKS CO,https://www.glassdoor.com/Reviews/Brink-s-Incorporated-Reviews-E8230.htm,167,2/25/2007,11/3/2009,,,,BRINKS CO,166,2,1,6,,
green,1970203020,4/17/2008,12/17/2008,8692,49744,PCH,PCH,POTLATCHDELTIC CORP,POTLATCH CORP NEW,POTLATCHDELTIC CORP,https://www.glassdoor.com/Reviews/PotlatchDeltic-Reviews-E2565692.htm,3,4/18/2007,12/17/2009,,,,POTLATCHDELTIC CORP,1,3,0,0,,
Need Investigate,1974055020,4/30/2008,3/27/2009,25056,77418,AMER,AMER,TIME WARNER INC,TIME WARNER INC NEW,TIME WARNER INC,https://www.glassdoor.com/Reviews/Time-Warner-Cable-Reviews-E4297719.htm,20,5/1/2007,3/27/2010,merge to warner bros. discovery in 2022,,,TIME WARNER INC,,,,,,
green,2081682020,10/20/2008,7/1/2009,61399,82508,MYGN,MYGN,MYRIAD GENETICS INC,MYRIAD GENETICS INC,MYRIAD GENETICS INC,https://www.glassdoor.com/Reviews/Myriad-Genetics-Reviews-E4720.htm,64,10/21/2007,7/1/2010,,,,MYRIAD GENETICS INC,63,2,1,9,,
green,2037973020,8/8/2008,8/25/2009,14908,12074,PRDE,PRDE,PRIDE INTERNATIONAL INC,PRIDE INTERNATIONAL INC DEL,PRIDE INTERNATIONAL INC,https://www.glassdoor.com/Reviews/Pride-International-Reviews-E1801.htm,2,8/9/2007,8/25/2010,,,,PRIDE INTERNATIONAL INC,1,2,1,1,,
green,2002678020,8/7/2008,9/1/2009,2751,21371,CDIC,CDIC,CARDINAL HEALTH INC,CARDINAL HEALTH INC,CARDINAL HEALTH INC,https://www.glassdoor.com/Reviews/Cardinal-Health-Reviews-E1227.htm,481,8/8/2007,9/1/2010,,,,CARDINAL HEALTH INC,471,11,9,85,,
green,2073486020,5/13/2009,9/15/2009,62396,88988,IDTC,IDTC,IDT CORP,I D T CORP,IDT CORP,https://www.glassdoor.com/Reviews/IDT-Reviews-E5817.htm,36,5/13/2008,9/15/2010,,,,IDT CORP,34,3,2,17,,
Need Investigate,2069415020,5/28/2009,12/10/2009,25056,77418,AMER,AMER,TIME WARNER INC,TIME WARNER INC NEW,TIME WARNER INC,https://www.glassdoor.com/Reviews/Time-Warner-Cable-Reviews-E4297719.htm,20,5/28/2008,12/10/2010,merge to warner bros. discovery in 2022,,,TIME WARNER INC,,,,,,
green,2122200020,10/27/2009,6/15/2010,61871,82837,PPDI,PPDI,PHARMACEUTICAL PRODUCT DEVELPMNT,PHARMACEUTICAL PRODUCT DEV INC,PHARMACEUTICAL PROD DEV INC,https://www.glassdoor.com/Reviews/PPD-Reviews-E5695.htm,383,10/27/2008,6/15/2011,,,,PHARMACEUTICAL PRODUCT DEVELPMNT,376,8,7,68,,
green,2122041020,10/27/2009,7/7/2010,11191,57808,VSH,VSH,VISHAY INTERTECHNOLOGY INC,VISHAY INTERTECHNOLOGY INC,VISHAY INTERTECHNOLOGY INC,https://www.glassdoor.com/Reviews/Vishay-Reviews-E706.htm,29,10/27/2008,7/7/2011,,,,VISHAY INTERTECHNOLOGY INC,27,3,2,19,,
green,2134950020,12/7/2009,8/2/2010,7152,64629,MDR,MDR,MCDERMOTT INTERNATIONAL INC,MCDERMOTT INTERNATIONAL INC,MCDERMOTT INTL INC,https://www.glassdoor.com/Reviews/McDermott-Reviews-E431.htm,142,12/7/2008,8/2/2011,,,,MCDERMOTT INTERNATIONAL INC,140,3,2,18,,
Need Investigate,2215677020,4/8/2010,9/27/2010,22373,87053,ATCP,ATCP,LRAD CORP,L R A D CORP,LRAD CORP,??,,4/8/2009,9/27/2011,,,,LRAD CORP,,,,,,
green,1963668020,3/26/2008,1/4/2011,7585,22779,MOT,MOT,MOTOROLA SOLUTIONS INC,MOTOROLA SOLUTIONS INC,MOTOROLA SOLUTIONS INC,https://www.glassdoor.com/Reviews/Motorola-Solutions-Reviews-E427189.htm,445,3/27/2007,1/4/2012,,,,MOTOROLA SOLUTIONS INC,442,4,3,24,,
green,2284811020,7/13/2010,3/31/2011,7985,24766,NOC,NOC,NORTHROP GRUMMAN CORP,NORTHROP CORP,NORTHROP GRUMMAN CORP,https://www.glassdoor.com/Reviews/Northrop-Grumman-Reviews-E488.htm,1274,7/13/2009,3/30/2012,,,,NORTHROP GRUMMAN CORP,1198,54,52,520,,
green,2270499020,1/13/2011,7/1/2011,7017,15069,MRO1,MRO1,MARATHON OIL CORP,MARATHON OIL CORP,MARATHON OIL CORP,https://www.glassdoor.com/Reviews/Marathon-Oil-Reviews-E8229.htm,47,1/13/2010,6/30/2012,,,,MARATHON OIL CORP,42,6,4,40,110,1019
green,2240450020,12/8/2010,10/4/2011,1408,10025,AMB,AEPI,AEP INDUSTRIES INCORPORATED,A E P INDUSTRIES INC,BEAM INC,https://www.glassdoor.com/Reviews/AEP-Industries-Reviews-E1078.htm,4,12/8/2009,10/3/2012,,,,AEP INDUSTRIES INCORPORATED,1,4,1,5,,
duplicate,2340793020,11/5/2010,10/31/2011,62396,88988,IDTC,IDTC,IDT CORP,I D T CORP,IDT CORP,https://www.glassdoor.com/Reviews/IDT-Reviews-E5817.htm,36,11/5/2009,10/30/2012,,,,IDT CORP,33,4,3,27,,
Need Investigate,2247301020,12/8/2010,11/1/2011,165845,91099,NTLS,NTLS,NTELOS HOLDINGS CORP,NTELOS HOLDINGS CORP,NTELOS HOLDINGS CORP,https://www.glassdoor.com/Reviews/Shentel-Reviews-E6931.htm,19,12/8/2009,10/31/2012,,,,NTELOS HOLDINGS CORP,,,,,,
green,2269869020,1/12/2011,11/1/2011,5860,12570,ITT,IIN,ITT CORPORATION,I T T CORP,ITT INC,https://www.glassdoor.com/Reviews/ITT-Reviews-E4315.htm,42,1/12/2010,10/31/2012,,,,ITT CORPORATION,35,7,4,40,,
green,2280274020,2/14/2011,11/22/2011,28930,85913,MHS,MHS,MARRIOTT INTERNATIONAL INC,MARRIOTT INTERNATIONAL INC NEW,MARRIOTT INTL INC,https://www.glassdoor.com/Reviews/Marriott-International-Reviews-E7790.htm,1837,2/14/2010,11/21/2012,,,,MARRIOTT INTERNATIONAL INC,1784,43,41,410,,
green,2298785020,4/7/2011,12/21/2011,126296,90808,EXPE,EXPE,EXPEDIA GROUP INC,EXPEDIA INC DE,EXPEDIA GROUP INC,https://www.glassdoor.com/Reviews/Expedia-Group-Reviews-E9876.htm,748,4/7/2010,12/20/2012,,,,EXPEDIA GROUP INC,706,25,23,230,,
green,2322236020,6/23/2011,1/3/2012,6307,89757,KMRT,KMRT,SEARS HOLDINGS CORP,SEARS HOLDINGS CORP,SEARS HOLDINGS CORP,https://www.glassdoor.com/Reviews/Sears-Reviews-E37984.htm,1468,6/23/2010,1/2/2013,,,,SEARS HOLDINGS CORP,1306,29,27,270,,
Need Investigate,2329249020,7/14/2011,2/6/2012,29942,84584,RAH1,RAH1,"RALCORP HOLDINGS, INC.",RALCORP HOLDINGS INC NEW,RALCORP HOLDINGS INC,https://www.glassdoor.com/Reviews/Conagra-Brands-Reviews-E172.htm,186,7/14/2010,2/5/2013,,,,"RALCORP HOLDINGS, INC.",,,,,,
Not Found,2348102020,9/26/2011,4/27/2012,179605,92594,RXII,RXII,SELLAS LIFE SCIENCES GROUP INC,SELLAS LIFE SCIENCES GROUP INC,GALENA BIOPHARMA INC,,,9/26/2010,4/27/2013,,,,SELLAS LIFE SCIENCES GROUP INC,,,,,,
green,2328994020,7/14/2011,5/1/2012,8549,13928,P,P,CONOCOPHILLIPS,CONOCOPHILLIPS,CONOCOPHILLIPS,https://www.glassdoor.com/Reviews/ConocoPhillips-Reviews-E14933.htm,145,7/14/2010,5/1/2013,,,,CONOCOPHILLIPS,124,17,15,150,,
green,2284965020,2/24/2011,5/8/2012,176249,91678,TAST,TAST,CARROLS RESTAURANT GROUP INC,CARROLS RESTAURANT GROUP INC,CARROLS RESTAURANT GROUP INC,https://www.glassdoor.com/Reviews/Carrols-Reviews-E8390.htm,28,2/24/2010,5/8/2013,,,,CARROLS RESTAURANT GROUP INC,26,3,2,13,,
duplicate,2318902020,1/28/2011,6/28/2012,9411,22840,SLE,SLE,HILLSHIRE BRANDS CO,HILLSHIRE BRANDS CO,HILLSHIRE BRANDS CO,https://www.glassdoor.com/Reviews/Hillshire-Brands-Reviews-E624483.htm,13,1/28/2010,6/28/2013,,,,HILLSHIRE BRANDS CO,12,2,1,7,,
green,2368043020,12/1/2011,7/2/2012,1254,11691,MATX,ALEX,MATSON INC,MATSON INC,MATSON INC,https://www.glassdoor.com/Reviews/Matson-Reviews-E25406.htm,13,12/1/2010,7/2/2013,,,,MATSON INC,11,3,2,19,,
Need Investigate,2428081020,7/28/2011,7/18/2012,110685,86021,LLL,LLL,L3 TECHNOLOGIES INC,L 3 TECHNOLOGIES INC,L3 TECHNOLOGIES INC,https://www.glassdoor.com/Reviews/L3Harris-Reviews-E2898734.htm,492,7/28/2010,7/18/2013,,,,L3 TECHNOLOGIES INC,,,,,,
green,2429502020,6/28/2012,9/28/2012,7938,28118,NCCO,NC1,NACCO INDUSTRIES INC,NACCO INDUSTRIES INC,NACCO INDUSTRIES -CL A,https://www.glassdoor.com/Reviews/NACCO-Industries-Reviews-E455.htm,1,6/29/2011,9/28/2013,,,,NACCO INDUSTRIES INC,1,1,0,0,,
duplicate,2345908020,9/19/2011,10/1/2012,10787,45356,TYC,TYC,JOHNSON CONTROLS INTERNATIONAL P,JOHNSON CONTROLS INTL PLC,TYCO INTERNATIONAL PLC,https://www.glassdoor.com/Reviews/Johnson-Controls-Reviews-E365.htm,913,9/19/2010,10/1/2013,,,,JOHNSON CONTROLS INTERNATIONAL P,873,33,31,310,,
green,2334734020,8/4/2011,10/2/2012,142953,89006,KFT,KFT,MONDELEZ INTERNATIONAL INC,MONDELEZ INTERNATIONAL INC,MONDELEZ INTERNATIONAL INC,https://www.glassdoor.com/Reviews/Mondel%C4%93z-International-Reviews-E628257.htm,464,8/4/2010,10/2/2013,,,,MONDELEZ INTERNATIONAL INC,459,7,5,50,,
Not Found,2458646020,10/9/2012,10/9/2012,140529,88746,INV,UTKC,INNOVARO INC,INNOVARO INC,INNOVARO INC,,1,10/10/2011,10/9/2013,,,,INNOVARO INC,,,,,,
Need Investigate,2379016020,1/11/2012,11/1/2012,12884,10942,CMVT,CMVT,COMVERSE TECHNOLOGY INC,COMVERSE TECHNOLOGY INC,COMVERSE TECHNOLOGY INC,https://www.glassdoor.com/Reviews/Verint-Reviews-E14765.htm,124,1/11/2011,11/1/2013,,,,COMVERSE TECHNOLOGY INC,,,,,,
green,###############################################################################################################################################################################################################################################################,12/6/2012,12/24/2012,11/20/2401,7/27/2154,ASPS,ASPS,ALTISOURCE PORTFOLIO SOLUTINS SA,ALTISOURCE PORTFOLIO SLTNS S A,ALTISOURCE PORTFOLIO SOLTNS,https://www.glassdoor.com/Reviews/Altisource-Reviews-E314037.htm,187,12/7/2011,12/24/2013,,,,ALTISOURCE PORTFOLIO SOLUTINS SA,170,17,15,150,,
green,2355953020,8/8/2012,1/2/2013,1078,20482,ABT,ABT,ABBOTT LABORATORIES,ABBOTT LABORATORIES,ABBOTT LABORATORIES,https://www.glassdoor.com/Reviews/Abbott-Reviews-E12.htm,904,8/9/2011,1/2/2014,,,,ABBOTT LABORATORIES,834,47,45,450,,
green,2440857020,8/8/2012,1/11/2013,32280,13008,LVNT,LCAP,STARZ ACQUISITION LLC,STARZ,STARZ,https://www.glassdoor.com/Reviews/Starz-Reviews-E13645.htm,33,8/9/2011,1/11/2014,,,,STARZ ACQUISITION LLC,29,5,3,30,,
green,2487032020,1/14/2013,2/1/2013,26021,78137,CKH,CKOR,SEACOR HOLDINGS INC,SEACOR HOLDINGS INC,SEACOR HOLDINGS INC,https://www.glassdoor.com/Reviews/SEACOR-Reviews-E1439.htm,3,1/15/2012,2/1/2014,,,,SEACOR HOLDINGS INC,1,3,0,0,,
green,2438406020,7/31/2012,5/2/2013,15247,85269,VLO,VLO,VALERO ENERGY CORP,VALERO ENERGY CORP NEW,VALERO ENERGY CORP,https://www.glassdoor.com/Reviews/Valero-Reviews-E704.htm,76,8/1/2011,5/2/2014,,,,VALERO ENERGY CORP,68,7,5,50,,
duplicate,2317826020,12/15/2011,7/1/2013,177264,92156,COV,COV,COVIDIEN PUBLIC LIMITED COMPANY,COVIDIEN PLC,COVIDIEN PLC,https://www.glassdoor.com/Reviews/Covidien-Reviews-E14570.htm,82,12/15/2010,7/1/2014,958,,,COVIDIEN PUBLIC LIMITED COMPANY,45,32,30,300,,
green,2428061020,6/28/2012,7/1/2013,12886,90441,NWSA,NWS/1,NEWS CORP INC,NEWS CORP,TWENTY-FIRST CENTURY FOX INC,https://www.glassdoor.com/Reviews/News-Corp-Reviews-E3493.htm,97,6/29/2011,7/1/2014,,,,NEWS CORP INC,92,6,4,40,,
duplicate,2546815020,5/7/2013,8/1/2013,62396,88988,IDT,IDTC,IDT CORP,I D T CORP,IDT CORP,https://www.glassdoor.com/Reviews/IDT-Reviews-E5817.htm,36,5/7/2012,8/1/2014,,,,IDT CORP,31,6,4,40,,
green,2459735020,10/16/2012,9/3/2013,7620,28345,MUR,MUR,MURPHY OIL CORP,MURPHY OIL CORP,MURPHY OIL CORP,https://www.glassdoor.com/Reviews/Murphy-Oil-Corporation-Reviews-E453.htm,60,10/17/2011,9/3/2014,,,,MURPHY OIL CORP,46,12,10,100,,
green,2446365020,8/30/2012,9/30/2013,165123,91547,LODS,SAIC,LEIDOS HOLDINGS INC,LEIDOS HOLDINGS INC,LEIDOS HOLDINGS INC,https://www.glassdoor.com/Reviews/Leidos-Reviews-E730545.htm,481,8/31/2011,9/30/2014,,,,LEIDOS HOLDINGS INC,464,18,17,168,,
green,2470936020,8/1/2012,11/1/2013,124198,87261,UNTD,NZRO,UNITED ONLINE INC,UNITED ONLINE INC,UNITED ONLINE INC,https://www.glassdoor.com/Reviews/United-Online-Reviews-E13511.htm,15,8/2/2011,11/1/2014,,,,UNITED ONLINE INC,9,7,5,50,,
green,2468735020,11/15/2012,11/4/2013,30259,80563,PENN,PENN,PENN NATIONAL GAMING INC,PENN NATIONAL GAMING INC,PENN NATIONAL GAMING INC,https://www.glassdoor.com/Reviews/PENN-Entertainment-Inc-Reviews-E2669.htm,57,11/16/2011,11/4/2014,,,,PENN NATIONAL GAMING INC,52,6,5,48,,
green,2507810020,3/25/2013,11/6/2013,141469,88839,HBIO,HBIO,HARVARD BIOSCIENCE INC,HARVARD BIOSCIENCE INC,HARVARD BIOSCIENCE INC,https://www.glassdoor.com/Reviews/Harvard-Bioscience-Reviews-E12691.htm,5,3/25/2012,11/6/2014,,,,HARVARD BIOSCIENCE INC,1,5,1,7,,
green,9999999000,12/9/2012,12/2/2013,5959,12431,IR,IR,INGERSOLL RAND PLC,INGERSOLL RAND PLC,INGERSOLL-RAND PLC,https://www.glassdoor.com/Reviews/Ingersoll-Rand-Reviews-E3248638.htm,89,12/10/2011,12/2/2014,,,,INGERSOLL RAND PLC,88,2,0,0,,
green,2553535020,8/8/2013,1/28/2014,175064,13167,SGYP,PWFF,SYNERGY PHARMACEUTICALS INC,SYNERGY PHARMACEUTICALS INC,SYNERGY PHARMACEUTICALS INC,https://www.glassdoor.com/Reviews/Synergy-Pharmaceuticals-Reviews-E38032.htm,2,8/8/2012,1/28/2015,,,,SYNERGY PHARMACEUTICALS INC,1,1,0,0,,
green,2465216020,5/11/2012,3/3/2014,4058,25953,DOV,DOV,DOVER CORP,DOVER CORP,DOVER CORP,https://www.glassdoor.com/Reviews/Dover-Corporation-Reviews-E206.htm,47,5/12/2011,3/3/2015,,,,DOVER CORP,43,5,3,30,,
duplicate,2579746020,10/29/2013,4/7/2014,6307,89757,SHLD,KMRT,SEARS HOLDINGS CORP,SEARS HOLDINGS CORP,SEARS HOLDINGS CORP,https://www.glassdoor.com/Reviews/Sears-Reviews-E37984.htm,1468,10/29/2012,4/7/2015,,,,SEARS HOLDINGS CORP,1007,312,311,3110,,
green,2551064020,7/30/2013,6/2/2014,142260,88897,OIS,OIS,OIL STATES INTERNATIONAL INC,OIL STATES INTERNATIONAL INC,OIL STATES INTL INC,https://www.glassdoor.com/Reviews/Oil-States-International-Reviews-E12394.htm,5,7/30/2012,6/2/2015,,,,OIL STATES INTERNATIONAL INC,1,6,2,20,,
green,2569695020,9/24/2013,6/2/2014,63892,84032,NOV,NOI,NATIONAL OILWELL VARCO INC,NATIONAL OILWELL INC,NATIONAL OILWELL VARCO INC,https://www.glassdoor.com/Reviews/NOV-Reviews-E3306.htm,315,9/24/2012,6/2/2015,,,,NATIONAL OILWELL VARCO INC,275,32,30,300,,
green,2582407020,11/7/2013,6/3/2014,178803,92432,ENSG,ENIG,ENSIGN GROUP INC,ENSIGN GROUP INC,ENSIGN GROUP INC,https://www.glassdoor.com/Reviews/The-Ensign-Group-Reviews-E42610.htm,21,11/7/2012,6/3/2015,,,,ENSIGN GROUP INC,20,2,0,0,,
Not Found,2643625020,4/25/2013,6/3/2014,160668,90423,THRX,THRI,INNOVIVA INC,THERAVANCE INC,INNOVIVA INC,,0,4/25/2012,6/3/2015,,,,INNOVIVA INC,,,,,,
duplicate,2502261020,3/6/2013,6/9/2014,25056,77418,TWX,AMER,TIME WARNER INC,TIME WARNER INC NEW,TIME WARNER INC,https://www.glassdoor.com/Reviews/Time-Warner-Cable-Reviews-E4297719.htm,20,3/6/2012,6/9/2015,,,,TIME WARNER INC,19,2,0,0,,
green,2604709020,1/27/2014,6/30/2014,5862,80210,RYN,RYN1,RAYONIER INC.,RAYONIER INC NEW,RAYONIER INC,https://www.glassdoor.com/Reviews/Rayonier-Reviews-E2529.htm,13,1/27/2013,6/30/2015,,,,RAYONIER INC.,10,4,2,20,,
green,2563900020,9/5/2013,7/1/2014,10581,14795,TKR,TKR,TIMKEN CO,TIMKEN COMPANY,TIMKEN CO,https://www.glassdoor.com/Reviews/Timken-Reviews-E664.htm,84,9/5/2012,7/1/2015,,,,TIMKEN CO,67,13,11,110,,
Need Investigate,2612302020,3/17/2014,7/1/2014,27786,78877,CHK,CSPK,CHESAPEAKE ENERGY CORP,CHESAPEAKE ENERGY CORP,CHESAPEAKE ENERGY CORP,https://www.glassdoor.com/Reviews/Expand-Energy-Reviews-E906.htm,58,3/17/2013,7/1/2015,,,,CHESAPEAKE ENERGY CORP,,,,,,
green,2497761020,2/19/2013,8/4/2014,185703,12521,DMD,DMDA,LEAF GROUP LTD,LEAF GROUP LTD,LEAF GROUP LTD,https://www.glassdoor.com/Reviews/Leaf-Group-Reviews-E1455197.htm,41,2/20/2012,8/4/2015,,,,LEAF GROUP LTD,29,10,8,80,,
green,2569669020,9/24/2013,8/4/2014,11925,90537,NE,NDCO,NOBLE CORPORATION PLC,NOBLE CORP PLC,NOBLE CORP PLC,https://www.glassdoor.com/Reviews/Noble-Corporation-Reviews-E18673.htm,27,9/24/2012,8/4/2015,,,,NOBLE CORPORATION PLC,22,6,4,40,,
Not Found,2634481020,10/10/2013,8/28/2014,13664,13553,LVNT,LVNT,LIBERTY INTERACTIVE CORP,LIBERTY INTERACTIVE CORP,GCI LIBERTY INC,,1,10/10/2012,8/28/2015,,,,LIBERTY INTERACTIVE CORP,,,,,,
green,2592526020,12/11/2013,9/29/2014,189490,13018,XLS,XLS,EXELIS INC,EXELIS INC,EXELIS INC,https://www.glassdoor.com/Reviews/Exelis-Reviews-E456996.htm,56,12/11/2012,9/29/2015,,,,EXELIS INC,10,35,33,330,,
duplicate,2627743020,4/10/2014,10/1/2014,1891,44644,ADP,AUD,AUTOMATIC DATA PROCESSING INC,AUTOMATIC DATA PROCESSING INC,AUTOMATIC DATA PROCESSING,https://www.glassdoor.com/Reviews/ADP-Reviews-E64.htm,2147,4/10/2013,10/1/2015,,,,AUTOMATIC DATA PROCESSING INC,1880,170,169,1690,,
green,2568108020,9/19/2013,11/3/2014,126554,87432,A,AT1,AGILENT TECHNOLOGIES INC,AGILENT TECHNOLOGIES INC,AGILENT TECHNOLOGIES INC,https://www.glassdoor.com/Reviews/Agilent-Technologies-Reviews-E9711.htm,258,9/19/2012,11/3/2015,,,,AGILENT TECHNOLOGIES INC,194,40,38,380,,
duplicate,2584546020,11/14/2013,11/3/2014,6435,17750,KMB,KMB,KIMBERLY-CLARK CORP,KIMBERLY CLARK CORP,KIMBERLY-CLARK CORP,https://www.glassdoor.com/Reviews/Kimberly-Clark-Reviews-E383.htm,294,11/14/2012,11/3/2015,,,,KIMBERLY-CLARK CORP,233,24,22,220,,
green,2603563020,1/20/2014,11/3/2014,6433,47715,KBAL,KBAL,KIMBALL INTERNATIONAL INC,KIMBALL INTERNATIONAL INC,KIMBALL INTERNATIONAL -CL B,https://www.glassdoor.com/Reviews/Kimball-International-Reviews-E1567.htm,13,1/20/2013,11/3/2015,,,,KIMBALL INTERNATIONAL INC,9,4,2,20,,
duplicate,2635780020,5/8/2014,11/5/2014,17010,13757,LMCA,LMCA,LIBERTY MEDIA CORP,LIBERTY MEDIA CORP 3RD NEW,LIBERTY MEDIA SIRIUSXM GROUP,https://www.glassdoor.com/Reviews/Liberty-Media-Reviews-E5991.htm,1,5/8/2013,11/5/2015,,,,LIBERTY MEDIA CORP,1,1,1,6,,
Need Investigate,2627635020,4/10/2014,11/13/2014,13032,75215,CSH,PWN,CASH AMERICA INTERNATIONAL INC,CASH AMERICA INVESTMENTS INC,CASH AMERICA INTL INC,https://www.glassdoor.com/Reviews/Cash-America-Pawn-Reviews-E5747627.htm,15,4/10/2013,11/13/2015,83,,,CASH AMERICA INTERNATIONAL INC,,,,,,
green,2609908020,2/14/2014,12/1/2014,8068,34833,OXY,OXY,OCCIDENTAL PETROLEUM CORP,OCCIDENTAL PETROLEUM CORP,OCCIDENTAL PETROLEUM CORP,https://www.glassdoor.com/Reviews/Occidental-Petroleum-Reviews-E491.htm,105,2/14/2013,12/1/2015,,,,OCCIDENTAL PETROLEUM CORP,84,18,16,160,,
green,2644735020,6/10/2014,12/17/2014,21487,76138,BEAV,BEAV,BE AEROSPACE INC,B E AEROSPACE INC,B/E AEROSPACE INC,https://www.glassdoor.com/Reviews/BE-Aerospace-Reviews-E727.htm,46,6/10/2013,12/17/2015,,,,BE AEROSPACE INC,24,19,17,170,,
green,2714449020,1/8/2015,1/8/2015,61513,82618,SNDK,SNDK,SANDISK CORP,SANDISK CORP,SANDISK CORP,https://www.glassdoor.com/Reviews/SanDisk-Reviews-E4479.htm,59,1/8/2014,1/8/2016,,,,SANDISK CORP,20,28,26,260,,
Not Found,2635681020,5/7/2014,2/2/2015,12926,10443,FRPH,PA27,FRP HOLDINGS INC,F R P HOLDINGS INC,FRP HOLDINGS INC,,1,5/7/2013,2/2/2016,,,,FRP HOLDINGS INC,,,,,,
green,2659304020,7/29/2014,4/27/2015,174490,91391,WIN,VCGI,WINDSTREAM HOLDINGS INC,WINDSTREAM HOLDINGS INC,WINDSTREAM HOLDINGS INC,https://www.glassdoor.com/Reviews/Windstream-IA-Reviews-E4552579.htm,2,7/29/2013,4/26/2016,,,,WINDSTREAM HOLDINGS INC,1,2,0,0,,
green,2661527020,8/5/2014,6/29/2015,4988,47941,GCI,GCI,TEGNA INC,TEGNA INC,TEGNA INC,https://www.glassdoor.com/Reviews/TEGNA-Reviews-E1018607.htm,59,8/5/2013,6/28/2016,,,,TEGNA INC,56,5,4,33,,
green,2549249020,10/24/2013,7/1/2015,4087,11703,DD,DD,E I DU PONT DE NEMOURS AND CO,DU PONT E I DE NEMOURS & CO,DU PONT (E I) DE NEMOURS,https://www.glassdoor.com/Reviews/DuPont-Reviews-E215.htm,314,10/24/2012,6/30/2016,,,,E I DU PONT DE NEMOURS AND CO,212,87,85,850,,
green,2622309020,10/1/2014,7/1/2015,185229,10220,BWC,BWCN,BWX TECHNOLOGIES INC,B W X TECHNOLOGIES INC,BWX TECHNOLOGIES INC,https://www.glassdoor.com/Reviews/BWX-Technologies-Reviews-E186771.htm,39,10/1/2013,6/30/2016,,,,BWX TECHNOLOGIES INC,36,4,3,25,,
green,2632951020,4/30/2014,7/1/2015,133367,87659,ENR,ENR1,EDGEWELL PERSONAL CARE CO,EDGEWELL PERSONAL CARE CO,EDGEWELL PERSONAL CARE CO,https://www.glassdoor.com/Reviews/Edgewell-Personal-Care-Reviews-E1028523.htm,43,4/30/2013,6/30/2016,,,,EDGEWELL PERSONAL CARE CO,39,5,4,35,,
green,2680811020,9/30/2014,7/1/2015,7085,34032,MAS,MAS,MASCO CORP,MASCO CORP,MASCO CORP,https://www.glassdoor.com/Reviews/Masco-Reviews-E427.htm,28,9/30/2013,6/30/2016,,,,MASCO CORP,16,8,6,60,,
green,2696199020,11/13/2014,7/1/2015,11300,53225,GHC,WPO,GRAHAM HOLDINGS CO,GRAHAM HOLDINGS CO,GRAHAM HOLDINGS CO,https://www.glassdoor.com/Reviews/Graham-Holdings-Reviews-E447348.htm,4,11/13/2013,6/30/2016,,,,GRAHAM HOLDINGS CO,1,4,2,12,,
green,2706323020,12/8/2014,7/1/2015,15252,92029,TRS,TRSA,TRIMAS CORP,TRIMAS CORP,TRIMAS CORP,https://www.glassdoor.com/Reviews/TriMas-Reviews-E1968.htm,4,12/8/2013,6/30/2016,,,,TRIMAS CORP,1,4,2,14,,
green,2691750020,11/3/2014,7/2/2015,61181,82179,IART,IART,INTEGRA LIFESCIENCES HOLDINGS CO,INTEGRA LIFESCIENCES CORP,INTEGRA LIFESCIENCES HLDGS,https://www.glassdoor.com/Reviews/Integra-LifeSciences-Reviews-E5438.htm,74,11/3/2013,7/1/2016,,,,INTEGRA LIFESCIENCES HOLDINGS CO,54,15,13,130,,
green,2603921020,9/30/2014,7/20/2015,114524,86356,EBAY,EBY1,EBAY INC,EBAY INC,EBAY INC,https://www.glassdoor.com/Reviews/eBay-Reviews-E7853.htm,547,9/30/2013,7/19/2016,,,,EBAY INC,380,94,92,920,,
green,2728015020,2/26/2015,8/3/2015,28924,79667,BKS,BKS,BARNES & NOBLE INC.,BARNES & NOBLE INC,BARNES & NOBLE INC,https://www.glassdoor.com/Reviews/Barnes-and-Noble-Reviews-E2439.htm,779,2/26/2014,8/2/2016,,,,BARNES & NOBLE INC.,562,136,134,1340,,
green,2673601020,9/10/2014,8/4/2015,29241,79879,JDSU,UNPH,VIAVI SOLUTIONS INC,VIAVI SOLUTIONS INC,VIAVI SOLUTIONS INC,https://www.glassdoor.com/Reviews/VIAVI-Solutions-Reviews-E1053141.htm,50,9/10/2013,8/3/2016,,,,VIAVI SOLUTIONS INC,45,6,5,42,,
green,2690217020,10/29/2014,9/28/2015,5087,55212,SPW,SPW,SPX CORPORATION,S P X CORP,SPX CORP,https://www.glassdoor.com/Reviews/SPX-Technologies-Reviews-E580.htm,39,10/29/2013,9/27/2016,,,,SPX CORPORATION,21,16,14,140,,
green,2689710020,10/27/2014,10/1/2015,184157,93233,MSG,MSGN,MSG NETWORKS INC,M S G NETWORKS INC,MSG NETWORKS INC,https://www.glassdoor.com/Reviews/MSG-Networks-Reviews-E1405195.htm,3,10/27/2013,9/30/2016,,,,MSG NETWORKS INC,1,2,0,0,,
green,2682929020,10/6/2014,11/2/2015,5606,27828,HPQ,HWP,HP INC,H P INC,HP INC,https://www.glassdoor.com/Reviews/HP-Inc-Reviews-E1093161.htm,906,10/6/2013,11/1/2016,,,,HP INC,871,37,35,350,,
green,2696761020,11/17/2014,11/4/2015,65009,92245,EXH,HANO,ARCHROCK INC,ARCHROCK INC,ARCHROCK INC,https://www.glassdoor.com/Reviews/Archrock-Reviews-E1176896.htm,10,11/17/2013,11/3/2016,,,,ARCHROCK INC,8,4,2,12,,
green,2767110020,6/23/2015,11/10/2015,31846,81655,DRI,DRI,DARDEN RESTAURANTS INC,DARDEN RESTAURANTS INC,DARDEN RESTAURANTS INC,https://www.glassdoor.com/Reviews/Darden-Reviews-E4160.htm,279,6/23/2014,11/9/2016,,,,DARDEN RESTAURANTS INC,156,60,58,580,,
green,2723108020,2/5/2015,2/4/2016,5250,85908,GRA,GRA,W. R. GRACE & CO,GRACE W R & CO DEL NEW,GRACE (W R) & CO,https://www.glassdoor.com/Reviews/W-R-Grace-and-Co-Reviews-E710.htm,41,2/5/2014,2/3/2017,,,,W. R. GRACE & CO,28,11,9,90,,
green,2719793020,1/29/2015,3/4/2016,6994,51263,MTW,MANT,MANITOWOC COMPANY INC,MANITOWOC CO INC,MANITOWOC CO,https://www.glassdoor.com/Reviews/Manitowoc-Reviews-E1613.htm,18,1/29/2014,3/4/2017,,,,MANITOWOC COMPANY INC,8,11,9,90,,
green,2748351020,4/30/2015,3/14/2016,140073,88615,GB,AA30,INTEGER HOLDINGS CORP,INTEGER HOLDINGS CORP,INTEGER HOLDINGS CORP,https://www.glassdoor.com/Reviews/Integer-Reviews-E1380104.htm,43,4/30/2014,3/14/2017,,,,INTEGER HOLDINGS CORP,41,3,2,13,,
green,2726717020,2/23/2015,4/4/2016,175689,91516,AWI,AWI,ARMSTRONG WORLD INDUSTRIES INC,ARMSTRONG WORLD INDS INC NEW,ARMSTRONG WORLD INDUSTRIES,https://www.glassdoor.com/Reviews/Armstrong-World-Industries-Reviews-E2394.htm,33,2/23/2014,4/4/2017,,,,ARMSTRONG WORLD INDUSTRIES INC,21,10,8,80,,
green,2787910020,8/3/2015,5/2/2016,23714,88284,CYH,CYH,COMMUNITY HEALTH SYSTEMS INC,COMMUNITY HEALTH SYS INC NEW,COMMUNITY HEALTH SYSTEMS INC,https://www.glassdoor.com/Reviews/Community-Health-Systems-Reviews-E1548.htm,155,8/3/2014,5/2/2017,,,,COMMUNITY HEALTH SYSTEMS INC,95,49,47,470,,
green,2713458020,1/8/2015,5/16/2016,29830,21186,WRK,RKTN,WESTROCK CO,WESTROCK CO,WESTROCK CO,https://www.glassdoor.com/Reviews/WestRock-Reviews-E1033056.htm,241,1/8/2014,5/16/2017,,,,WESTROCK CO,196,40,38,380,,
duplicate,2940516020,8/27/2015,6/2/2016,62396,88988,IDT,IDTC,IDT CORP,I D T CORP,IDT CORP,https://www.glassdoor.com/Reviews/IDT-Reviews-E5817.htm,36,8/27/2014,6/2/2017,,,,IDT CORP,23,11,8,80,,
green,2598500020,3/18/2014,7/1/2016,5600,91575,HTZ,HTZW,HERC HOLDINGS INC,HERC HOLDINGS INC,HERTZ GLOBAL HOLDINGS INC,https://www.glassdoor.com/Reviews/Herc-Rentals-Reviews-E1359217.htm,61,3/18/2013,7/1/2017,,,,HERC HOLDINGS INC,57,5,4,38,,
green,2752282020,5/13/2015,7/5/2016,3735,49680,DHR,DMG,DANAHER CORP,DANAHER CORP,DANAHER CORP,https://www.glassdoor.com/Reviews/Danaher-Reviews-E193.htm,80,5/13/2014,7/5/2017,,,,DANAHER CORP,56,16,14,140,,
green,2954488020,8/6/2015,8/1/2016,176022,91571,EBS,EBO,EMERGENT BIOSOLUTIONS INC,EMERGENT BIOSOLUTIONS INC,EMERGENT BIOSOLUTIONS INC,https://www.glassdoor.com/Reviews/Emergent-BioSolutions-Reviews-E9794.htm,51,8/6/2014,8/1/2017,,,,EMERGENT BIOSOLUTIONS INC,37,12,10,100,,
green,2798647020,8/4/2015,10/3/2016,4040,38682,RRD,DNY,RR DONNELLEY SONS CO,DONNELLEY R R & SONS CO,DONNELLEY (R R) & SONS CO,https://www.glassdoor.com/Reviews/R-R-Donnelley-Reviews-E554.htm,380,8/4/2014,10/3/2017,,,,RR DONNELLEY SONS CO,244,13,11,110,,
green,2801932020,9/16/2015,10/3/2016,1209,28222,APD,APD,AIR PRODUCTS AND CHEMICALS INC,AIR PRODUCTS & CHEMICALS INC,AIR PRODUCTS & CHEMICALS INC,https://www.glassdoor.com/Reviews/Air-Products-Reviews-E17.htm,138,9/16/2014,10/3/2017,,,,AIR PRODUCTS AND CHEMICALS INC,91,33,31,310,,
green,2957646020,5/12/2016,10/3/2016,1300,10145,HON,ALD,HONEYWELL INTERNATIONAL INC,HONEYWELL INTERNATIONAL INC,HONEYWELL INTERNATIONAL INC,https://www.glassdoor.com/Reviews/Honeywell-Reviews-E28.htm,2248,5/13/2015,10/3/2017,,,,HONEYWELL INTERNATIONAL INC,1743,301,299,2990,,
green,2805584020,9/28/2015,11/1/2016,1356,24643,AA,AA,ARCONIC INC,ARCONIC INC,ALCOA INC,https://www.glassdoor.com/Reviews/Arconic-Reviews-E1466697.htm,75,9/28/2014,11/1/2017,,,,ARCONIC INC,65,11,10,95,,
green,9999999005,10/20/2015,11/1/2016,65417,85348,YUM,YUM,YUM! BRANDS INC,YUM BRANDS INC,YUM BRANDS INC,https://www.glassdoor.com/Reviews/Yum-Brands-Reviews-E6995.htm,79,10/20/2014,11/1/2017,,,,YUM! BRANDS INC,52,18,16,160,,
green,2822207020,11/18/2015,11/10/2016,3362,56274,CAG,CAG,CONAGRA BRANDS INC,CONAGRA INC,CONAGRA BRANDS INC,https://www.glassdoor.com/Reviews/Conagra-Brands-Reviews-E172.htm,186,11/18/2014,11/10/2017,,,,CONAGRA BRANDS INC,100,63,61,610,,
green,3032736020,7/18/2016,12/1/2016,8210,15860,OSG,OSG/1,OVERSEAS SHIPHOLDING GROUP INC,OVERSEAS SHIPHOLDING GROUP INC,OVERSEAS SHIPHOLDING GROUP,https://www.glassdoor.com/Reviews/Overseas-Shipholding-Group-Reviews-E500.htm,5,7/19/2015,12/1/2017,,,,OVERSEAS SHIPHOLDING GROUP INC,1,5,2,19,,
green,3021104020,8/4/2016,12/27/2016,180759,13869,SAUC,DFRH,DIVERSIFIED RESTAURANT HOLDINGS,DIVERSIFIED RESTAURANT HLDGS IN,DIVERSIFIED RESTAURANT HLDGS,https://www.glassdoor.com/Reviews/Diversified-Restaurant-Group-Reviews-E3252455.htm,3,8/5/2015,12/27/2017,,,,DIVERSIFIED RESTAURANT HOLDINGS,1,3,0,0,,
green,2915194020,1/29/2016,1/3/2017,11636,27983,XRX,XRX,XEROX CORP,XEROX CORP,XEROX CORP,https://www.glassdoor.com/Reviews/Xerox-Reviews-E747.htm,902,1/29/2015,1/3/2018,,,,XEROX CORP,338,251,368,3680,,
green,2855241020,2/26/2016,1/4/2017,5643,14338,HLT,HLTT,HILTON WORLDWIDE HOLDINGS INC,HILTON WORLDWIDE HOLDINGS INC,HILTON WORLDWIDE HOLDINGS,https://www.glassdoor.com/Reviews/Hilton-Reviews-E330.htm,1115,2/26/2015,1/4/2018,,,,HILTON WORLDWIDE HOLDINGS INC,828,202,200,2000,,
green,2962520020,5/23/2016,1/30/2017,11115,27043,VAR,VAR,VARIAN MEDICAL SYSTEMS INC,VARIAN MEDICAL SYSTEMS INC,VARIAN MEDICAL SYSTEMS INC,https://www.glassdoor.com/Reviews/Varian-Medical-Systems-Reviews-E9111.htm,131,5/24/2015,1/30/2018,,,,VARIAN MEDICAL SYSTEMS INC,93,24,22,220,,
green,2953980020,5/3/2016,2/2/2017,24468,76841,BIIB,IDPH,BIOGEN INC,BIOGEN IDEC INC,BIOGEN INC,https://www.glassdoor.com/Reviews/Biogen-Reviews-E1336.htm,198,5/4/2015,2/2/2018,,,,BIOGEN INC,130,49,47,470,,
duplicate,3005901020,9/7/2016,6/1/2017,4988,47941,TGNA,GCI,TEGNA INC,TEGNA INC,TEGNA INC,https://www.glassdoor.com/Reviews/TEGNA-Reviews-E1018607.htm,59,9/8/2015,6/1/2018,,,,TEGNA INC,47,13,11,110,,
duplicate,3063341020,11/30/2015,6/2/2017,26021,78137,CKH,CKOR,SEACOR HOLDINGS INC,SEACOR HOLDINGS INC,SEACOR HOLDINGS INC,https://www.glassdoor.com/Reviews/SEACOR-Reviews-E1439.htm,3,11/30/2014,6/2/2018,,,,SEACOR HOLDINGS INC,1,3,2,16,,
green,3113110020,12/7/2016,10/2/2017,20960,14685,FNFV,FNTN/1,FIDELITY NATIONAL FINANCIAL INC,FIDELITY NATIONAL FINL INC NEW,CANNAE HOLDINGS INC,https://www.glassdoor.com/Reviews/Fidelity-National-Financial-Reviews-E39083.htm,113,12/8/2015,10/2/2018,,,,FIDELITY NATIONAL FINANCIAL INC,86,19,17,170,,
duplicate,3157900020,8/21/2017,10/2/2017,7938,28118,NC,NC1,NACCO INDUSTRIES INC,NACCO INDUSTRIES INC,NACCO INDUSTRIES -CL A,https://www.glassdoor.com/Reviews/NACCO-Industries-Reviews-E455.htm,1,8/21/2016,10/2/2018,,,,NACCO INDUSTRIES INC,1,1,0,0,,
green,3126486020,1/31/2017,11/29/2017,120093,86799,CNX,CNX,CNX RESOURCES CORP,C N X RESOURCES CORP,CNX RESOURCES CORPORATION,https://www.glassdoor.com/Reviews/CNX-Resources-Reviews-E39687.htm,8,2/1/2016,11/29/2018,,,,CNX RESOURCES CORP,6,3,2,12,2701,26906
,,,,,,,,,,,,,,,,,,,,,,,,
green,,7/21/2017,1/2/2018,,,,,Liberty Global PLC,,,https://www.glassdoor.com/Reviews/Liberty-Global-Reviews-E38776.htm,58,7/21/2016,1/2/2019,,,,,,,,,,
green,,12/27/2017,1/4/2018,,,,,Array Biopharma Inc,,,https://www.glassdoor.com/Reviews/Array-BioPharma-Reviews-E4648142.htm,1,12/27/2016,1/4/2019,,,,,,,,,,
green,,7/10/2017,2/23/2018,,,,,Thorley Industries LLC,,,https://www.glassdoor.com/Reviews/4moms-Reviews-E505096.htm,5,7/10/2016,2/23/2019,,,,,,,,,,
,,2/23/2018,2/23/2018,,,,,Physical Optics Corp,,,https://www.glassdoor.com/Reviews/Mercury-Systems-Reviews-E4049.htm,73,2/23/2017,2/23/2019,,,,,,,,,,
green,,3/23/2017,3/26/2018,,,,,IDT Corp,,,https://www.glassdoor.com/Reviews/IDT-Reviews-E5817.htm,36,3/23/2016,3/26/2019,,,,,,,,,,
green,,9/7/2017,3/26/2018,,,,,Cogint Inc,,,https://www.glassdoor.com/Reviews/Fluent-Reviews-E825747.htm,10,9/7/2016,3/26/2019,,,,,,,,,,
green,,3/27/2018,3/27/2018,,,,,RTI International,,,https://www.glassdoor.com/Reviews/RTI-International-Reviews-E4480.htm,130,3/27/2017,3/27/2019,,,,,,,,,,
green,,4/3/2018,4/3/2018,,,,,Stratasys Ltd,,,https://www.glassdoor.com/Reviews/Stratasys-Reviews-E3760.htm,40,4/3/2017,4/3/2019,,,,,,,,,,
green,,5/9/2017,4/30/2018,,,,,Pentair plc,,,https://www.glassdoor.com/Reviews/Pentair-Reviews-E1767.htm,104,5/9/2016,4/30/2019,,,,,,,,,,
green,,12/7/2017,5/9/2018,,,,,Dover Corp,,,https://www.glassdoor.com/Reviews/Dover-Corporation-Reviews-E206.htm,47,12/7/2016,5/9/2019,,,,,,,,,,
green,,5/11/2018,5/11/2018,,,,,VC3 Inc,,,https://www.glassdoor.com/Reviews/VC3-Reviews-E394569.htm,18,5/11/2017,5/11/2019,,,,,,,,,,
green,,1/18/2017,5/31/2018,,,,,Blackstone Group LP,,,https://www.glassdoor.com/Reviews/The-Blackstone-Group-Reviews-E4022.htm,79,1/19/2016,5/31/2019,,,,,,,,,,
green,,8/21/2017,5/31/2018,,,,,Wyndham Worldwide Corp to Destination,,,https://www.glassdoor.com/Reviews/Wyndham-Destinations-Reviews-E356401.htm,260,8/21/2016,5/31/2019,,,,,,,,,,
green,,8/2/2017,6/1/2018,,,,,Wyndham Worldwide Corp,,,https://www.glassdoor.com/Reviews/Wyndham-Hotels-and-Resorts-Reviews-E2310228.htm,76,8/2/2016,6/1/2019,,,,,,,,,,
green,,8/3/2017,6/1/2018,,,,,Spirit Realty Capital Inc,,,https://www.glassdoor.com/Reviews/Spirit-Realty-Capital-Reviews-E1844789.htm,3,8/3/2016,6/1/2019,,,,,,,,,,
green,,1/8/2018,6/7/2018,,,,,Next Alt SARL,,,https://www.glassdoor.com/Reviews/Altice-USA-Reviews-E3190196.htm,84,1/8/2017,6/7/2019,,,,,,,,,,
green,,12/14/2017,7/1/2018,,,,,DDR Corp,,,https://www.glassdoor.com/Reviews/DDR-Corp-Reviews-E2277.htm,5,12/14/2016,7/1/2019,,,,,,,,,,
green,,4/18/2018,8/7/2018,,,,,LINN Energy Inc,,,https://www.glassdoor.com/Reviews/Linn-Energy-Reviews-E38467.htm,9,4/18/2017,8/7/2019,,,,,,,,,,
,,12/20/2017,8/10/2018,,,,,Grupo Financiero Mercantil,,,https://www.glassdoor.com/Reviews/Banorte-Reviews-E8236.htm,9,12/20/2016,8/10/2019,,,,,,,,,,
green,,8/20/2018,8/20/2018,,,,,Milliman Inc,,,https://www.glassdoor.com/Reviews/Milliman-Reviews-E13873.htm,85,8/20/2017,8/20/2019,,,,,,,,,,
green,,4/17/2018,9/4/2018,,,,,Inpixon,,,https://www.glassdoor.com/Reviews/Inpixon-Reviews-E1626192.htm,6,4/17/2017,9/4/2019,,,,,,,,,,
green,,5/1/2018,9/14/2018,,,,,Klx Inc,,,https://www.glassdoor.com/Reviews/KLX-Energy-Services-Reviews-E1079236.htm,8,5/1/2017,9/14/2019,,,,,,,,,,
green,,9/17/2018,9/17/2018,,,,,DHI Group Inc,,,https://www.glassdoor.com/Reviews/DHI-Group-Reviews-E1176264.htm,18,9/17/2017,9/17/2019,,,,,,,,,,
green,,7/26/2017,10/1/2018,,,,,ServiceMaster Global Holdings Inc,,,https://www.glassdoor.com/Reviews/ServiceMaster-Brands-Reviews-E596.htm,64,7/26/2016,10/1/2019,,,,,,,,,,
green,,10/10/2017,10/1/2018,,,,,Honeywell International Inc,,,https://www.glassdoor.com/Reviews/Honeywell-Reviews-E28.htm,2251,10/10/2016,10/1/2019,,,,,,,,,,
,,11/14/2017,10/11/2018,,,,,Carolina Pad,,,https://www.glassdoor.com/Reviews/Carolina-Pad-Reviews-E2400339.htm,1,11/14/2016,10/11/2019,,,,,,,,,,
green,,10/10/2017,10/29/2018,,,,,Honeywell International Inc,,,https://www.glassdoor.com/Reviews/Honeywell-Reviews-E28.htm,2251,10/10/2016,10/29/2019,,,,,,,,,,
green,,12/12/2017,11/1/2018,,,,,Trinity Industries Inc,,,https://www.glassdoor.com/Reviews/Trinity-Industries-Reviews-E678.htm,49,12/12/2016,11/1/2019,,,,,,,,,,
green,,2/21/2018,11/12/2018,,,,,Eqt Corp-Midstream Business,,,https://www.glassdoor.com/Reviews/EQT-Corporation-Reviews-E233.htm,24,2/21/2017,11/12/2019,,,,,,,,,,
green,,2/9/2018,11/30/2018,,,,,BGC Partners Inc,,,https://www.glassdoor.com/Reviews/BGC-Group-Reviews-E9862.htm,42,2/9/2017,11/30/2019,,,,,,,,,,
green,,11/29/2018,12/31/2018,,,,,NETGEAR Inc,,,https://www.glassdoor.com/Reviews/NETGEAR-Reviews-E12666.htm,31,11/29/2017,12/31/2019,,,,,,,,,,
green,,1/28/2019,1/28/2019,,,,,AECOM,,,https://www.glassdoor.com/Reviews/AECOM-Reviews-E5632.htm,1078,1/28/2018,1/28/2020,,,,,,,,,,
green,,2/11/2019,3/1/2019,,,,,FMC Corp,,,https://www.glassdoor.com/Reviews/FMC-Reviews-E239.htm,55,2/11/2018,2/29/2020,,,,,,,,,,
green,,3/12/2019,3/12/2019,,,,,Continental AG,,,https://www.glassdoor.com/Reviews/Continental-Reviews-E3768.htm,613,3/12/2018,3/11/2020,,,,,,,,,,
,,12/14/2017,3/19/2019,,,,,21st Century Fox Inc,,,https://www.glassdoor.com/Reviews/FOX-International-Channels-Reviews-E1018920.htm,4,12/14/2016,3/18/2020,,,,,,,,,,
green,,5/1/2018,4/1/2019,,,,,Ironwood Pharmaceuticals Inc,,,https://www.glassdoor.com/Reviews/Ironwood-Pharmaceuticals-Reviews-E262397.htm,10,5/1/2017,3/31/2020,,,,,,,,,,
green,,9/6/2018,4/1/2019,,,,,DowDuPont Inc,,,https://www.glassdoor.com/Reviews/Dow-Reviews-E207.htm,334,9/6/2017,3/31/2020,,,,,,,,,,
green,,4/1/2019,4/1/2019,,,,,Onex Corp,,,https://www.glassdoor.com/Reviews/Onex-Reviews-E6492.htm,6,4/1/2018,3/31/2020,,,,,,,,,,
,,1/28/2019,4/2/2019,,,,,Vertical Co,,,https://www.glassdoor.com/Reviews/Vertical-Screen-Reviews-E363989.htm,31,1/28/2018,4/1/2020,,,,,,,,,,
green,,8/13/2018,5/23/2019,,,,,VF Corp,,,https://www.glassdoor.com/Reviews/VF-Reviews-E703.htm,134,8/13/2017,5/22/2020,,,,,,,,,,
green,,9/6/2018,6/1/2019,,,,,DowDuPont Inc,,,https://www.glassdoor.com/Reviews/Corteva-Agriscience-Reviews-E2159858.htm,97,9/6/2017,5/31/2020,,,,,,,,,,
,,6/6/2019,6/6/2019,,,,,Thompson Street Capital Partners LP,,,https://www.glassdoor.com/Reviews/Thompson-Street-Capital-Partners-Reviews-E134472.htm,1,6/6/2018,6/5/2020,,,,,,,,,,
green,,6/12/2019,6/12/2019,,,,,Whitepages Pro,,,https://www.glassdoor.com/Reviews/Whitepages-Reviews-E105846.htm,14,6/12/2018,6/11/2020,,,,,,,,,,
green,,2/27/2018,6/28/2019,,,,,KAR Auction Services Inc,,,https://www.glassdoor.com/Reviews/OPENLANE-Reviews-E43271.htm,45,2/27/2017,6/27/2020,,,,,,,,,,
green,,6/5/2019,7/1/2019,,,,,"First Bankers Trustshares Inc, Quincy,Illinois",,,https://www.glassdoor.com/Reviews/First-Banker-s-Trust-Reviews-E565480.htm,1,6/5/2018,6/30/2020,,,,,,,,,,
,,1/7/2019,7/17/2019,,,,,MYnd Analytics Inc,,,https://www.glassdoor.com/Reviews/Emmaus-Life-Sciences-Reviews-E2246845.htm,6,1/7/2018,7/16/2020,,,,,,,,,,
green,,8/15/2019,8/15/2019,,,,,Leader Bank NA,,,https://www.glassdoor.com/Reviews/Leader-Bank-Reviews-E348885.htm,8,8/15/2018,8/14/2020,,,,,,,,,,
green,,9/6/2019,9/6/2019,,,,,Pickering Energy Partners LP,,,https://www.glassdoor.com/Reviews/Pickering-Energy-Partners-Reviews-E7422120.htm,1,9/6/2018,9/5/2020,,,,,,,,,,
green,,5/6/2019,10/1/2019,,,,,Ensign Group Inc,,,https://www.glassdoor.com/Reviews/The-Ensign-Group-Reviews-E42610.htm,21,5/6/2018,9/30/2020,,,,,,,,,,
green,,11/19/2018,10/2/2019,,,,,Nuance Communications Inc,,,https://www.glassdoor.com/Reviews/Nuance-Reviews-E5667.htm,321,11/19/2017,10/1/2020,,,,,,,,,,
green,,10/18/2019,10/18/2019,,,,,Polo Digital Assets Ltd,,,https://www.glassdoor.com/Reviews/Poloniex-Reviews-E3202818.htm,2,10/18/2018,10/17/2020,,,,,,,,,,
green,,10/22/2019,10/22/2019,,,,,Sverica Capital Management LP,,,https://www.glassdoor.com/Reviews/Sverica-Capital-Reviews-E2553217.htm,0,10/22/2018,10/21/2020,,,,,,,,,,
green,,7/15/2019,11/29/2019,,,,,Taronis Fuels Inc,,,https://www.glassdoor.com/Reviews/Taronis-Fuels-Reviews-E4517469.htm,1,7/15/2018,11/28/2020,,,,,,,,,,
green,,2/5/2020,2/5/2020,,,,,Avant LLC,,,https://www.glassdoor.com/Reviews/Amount-Reviews-E3022487.htm,16,2/5/2019,2/4/2021,,,,,,,,,,
,,10/4/2018,2/14/2020,,,,,Cleartronic Inc,,,,,10/4/2017,2/13/2021,,,,,,,,,,
green,,9/25/2019,3/31/2020,,,,,Brookfield Infrastructure Partners LP,,,https://www.glassdoor.com/Reviews/Brookfield-Reviews-E5824.htm,44,9/25/2018,3/31/2021,,,,,,,,,,
,,10/10/2019,4/1/2020,,,,,Chanticleer Holdings Inc,,,https://www.glassdoor.com/Reviews/Chanticleer-Holdings-Reviews-E361270.htm,1,10/10/2018,4/1/2021,,,,,,,,,,
green,,2/6/2019,4/1/2020,,,,,Arconic Inc,,,https://www.glassdoor.com/Reviews/Arconic-Reviews-E1466697.htm,75,2/6/2018,4/1/2021,,,,,,,,,,
green,,11/26/2018,4/3/2020,,,,,United Technologies Corp,,,https://www.glassdoor.com/Reviews/United-Technologies-Reviews-E697.htm,74,11/26/2017,4/3/2021,,,,,,,,,,
,,11/26/2018,4/3/2020,,,,,United Technologies Corp,,,https://www.glassdoor.com/Reviews/United-Technologies-Reviews-E697.htm,74,11/26/2017,4/3/2021,,,,,,,,,,
green,,6/27/2018,4/20/2020,,,,,The Madison Square Garden Co,,,https://www.glassdoor.com/Reviews/Madison-Square-Garden-Reviews-E16146.htm,83,6/27/2017,4/20/2021,,,,,,,,,,
green,,5/20/2020,5/20/2020,,,,,Sphero Inc,,,https://www.glassdoor.com/Reviews/Sphero-Reviews-E1011752.htm,5,5/21/2019,5/20/2021,,,,,,,,,,
green,,6/2/2020,6/2/2020,,,,,Greenpro Capital Corp,,,https://www.glassdoor.com/Reviews/Greenpro-Capital-Group-Reviews-E1984795.htm,2,6/3/2019,6/2/2021,,,,,,,,,,
,,6/16/2020,6/16/2020,,,,,GreyLion Capital LP,,,https://www.glassdoor.com/Reviews/GreyLion-Reviews-E9496697.htm,0,6/17/2019,6/16/2021,,,,,,,,,,
green,,6/25/2020,6/25/2020,,,,,Kaufman Hall & Associates LLC,,,https://www.glassdoor.com/Reviews/Kaufman-Hall-Reviews-E335498.htm,13,6/26/2019,6/25/2021,,,,,,,,,,
green,,8/7/2019,6/30/2020,,,,,IAC/InterActiveCorp,,,https://www.glassdoor.com/Reviews/IAC-Reviews-E6672.htm,28,8/7/2018,6/30/2021,,,,,,,,,,
green,,11/11/2019,7/30/2020,,,,,Brookfield Asset Management Inc,,,https://www.glassdoor.com/Reviews/Brookfield-Reviews-E5824.htm,44,11/11/2018,7/30/2021,,,,,,,,,,
,,3/16/2020,8/5/2020,,,,,Associated Capital Group Inc,,,https://www.glassdoor.com/Reviews/Associated-Students-Inc-Reviews-E5829846.htm,3,3/17/2019,8/5/2021,,,,,,,,,,
green,,7/27/2020,8/7/2020,,,,,HCI Equity Partners LLC,,,https://www.glassdoor.com/Reviews/HCI-Equity-Partners-Reviews-E5371145.htm,1,7/28/2019,8/7/2021,,,,,,,,,,
green,,11/13/2019,8/24/2020,,,,,American Outdoor Brands Inc,,,https://www.glassdoor.com/Reviews/American-Outdoor-Brands-Reviews-E1536306.htm,3,11/13/2018,8/24/2021,,,,,,,,,,
green,,9/19/2020,9/19/2020,,,,,Intel Corp,,,https://www.glassdoor.com/Reviews/Intel-Corporation-Reviews-E1519.htm,3088,9/20/2019,9/19/2021,,,,,,,,,,
green,,9/18/2020,9/21/2020,,,,,Folio Financial Inc,,,https://www.glassdoor.com/Reviews/Folio-Financial-Inc-Reviews-E214427.htm,9,9/19/2019,9/21/2021,,,,,,,,,,
,,6/17/2020,9/30/2020,,,,,BFC Financial Corp,,,https://www.glassdoor.com/Reviews/BFC-Financial-Reviews-E23819.htm,1,6/18/2019,9/30/2021,,,,,,,,,,
green,,8/26/2020,10/2/2020,,,,,LENSAR Inc,,,https://www.glassdoor.com/Reviews/LensAR-Reviews-E451185.htm,2,8/27/2019,10/2/2021,,,,,,,,,,
green,,9/4/2019,10/9/2020,,,,,Fortive Corp,,,https://www.glassdoor.com/Reviews/Fortive-Reviews-E1334602.htm,14,9/4/2018,10/9/2021,,,,,,,,,,
green,,10/21/2020,10/21/2020,,,,,Searchlight Capital Partners LP,,,https://www.glassdoor.com/Reviews/Searchlight-Capital-Partners-Reviews-E1275302.htm,2,10/22/2019,10/21/2021,,,,,,,,,,
,,6/30/2020,11/16/2020,,,,,Myos Rens Technology Inc,,,,,7/1/2019,11/16/2021,,,,,,,,,,
green,,11/19/2020,11/19/2020,,,,,GlaxoSmithKline PLC,,,https://www.glassdoor.com/Reviews/GSK-Reviews-E3477.htm,663,11/20/2019,11/19/2021,,,,,,,,,,
green,,1/9/2020,12/1/2020,,,,,SYNNEX Corp,,,https://www.glassdoor.com/Reviews/SYNNEX-Reviews-E12131.htm,93,1/9/2019,12/1/2021,,,,,,,,,,
green,,7/29/2020,12/1/2020,,,,,Aaron's Inc,,,https://www.glassdoor.com/Reviews/Aaron-s-Reviews-E1083.htm,212,7/30/2019,12/1/2021,,,,,,,,,,
green,,9/14/2020,12/15/2020,,,,,Apartment Investment & Management Co,,,https://www.glassdoor.com/Reviews/Aimco-Reviews-E24024.htm,49,9/15/2019,12/15/2021,,,,,,,,,,
,,1/13/2020,12/31/2020,,,,,Ameri Holdings Inc,,,https://www.glassdoor.com/Reviews/Ameri100-A-TSP-Company-Reviews-E870394.htm,8,1/13/2019,12/31/2021,,,,,,,,,,
,,10/5/2020,12/31/2020,,,,,Gold Resource Corp,,,https://www.glassdoor.com/Reviews/Platinum-Gold-Resource-Agency-Reviews-E5036743.htm,1,10/6/2019,12/31/2021,,,,,,,,,,
,,11/23/2020,12/31/2020,,,,,OncoImmune Inc,,,https://www.glassdoor.com/Reviews/OncoImmune-Reviews-E3220021.htm,0,11/24/2019,12/31/2021,,,,,,,,,,
green,,12/4/2019,2/1/2021,,,,,Verint Systems Inc,,,https://www.glassdoor.com/Reviews/Verint-Reviews-E14765.htm,124,12/4/2018,2/1/2022,,,,,,,,,,
green,,2/10/2021,2/10/2021,,,,,Edwards Lifesciences Corp,,,https://www.glassdoor.com/Reviews/Edwards-Lifesciences-Reviews-E11809.htm,148,2/11/2020,2/10/2022,,,,,,,,,,
green,,3/2/2021,3/2/2021,,,,,Uber Technologies Inc,,,https://www.glassdoor.com/Reviews/Uber-Reviews-E575263.htm,1563,3/2/2020,3/2/2022,,,,,,,,,,
,,3/26/2021,4/7/2021,,,,,SinglePoint Inc,,,https://www.glassdoor.com/Reviews/SinglePoint-TX-Reviews-E7255719.htm,0,3/26/2020,4/7/2022,,,,,,,,,,
green,,12/22/2020,5/25/2021,,,,,IAC/InteractiveCorp,,,https://www.glassdoor.com/Reviews/IAC-Reviews-E6672.htm,28,12/23/2019,5/25/2022,,,,,,,,,,
green,,2/5/2020,6/2/2021,,,,,Merck & Co Inc,,,https://www.glassdoor.com/Reviews/Merck-Reviews-E438.htm,596,2/5/2019,6/2/2022,,,,,,,,,,
green,,10/27/2020,7/1/2021,,,,,DTE Energy Co,,,https://www.glassdoor.com/Reviews/DTE-Energy-Reviews-E199.htm,89,10/28/2019,7/1/2022,,,,,,,,,,
green,,8/6/2020,7/19/2021,,,,,Silver Lake Partners LP,,,https://www.glassdoor.com/Reviews/Silver-Lake-Reviews-E11382.htm,6,8/7/2019,7/19/2022,,,,,,,,,,
,,5/4/2020,8/2/2021,,,,,L Brands Inc,,,https://www.glassdoor.com/Reviews/L-Brands-Reviews-E656.htm,106,5/5/2019,8/2/2022,,,,,,,,,,
green,,12/2/2020,8/2/2021,,,,,XPO Logistics Inc,,,https://www.glassdoor.com/Reviews/XPO-Reviews-E615153.htm,579,12/3/2019,8/2/2022,,,,,,,,,,
green,,2/20/2020,8/3/2021,,,,,L Brands Inc,,,https://www.glassdoor.com/Reviews/L-Brands-Reviews-E656.htm,106,2/20/2019,8/3/2022,,,,,,,,,,
green,,12/3/2020,10/1/2021,,,,,International Paper Co,,,https://www.glassdoor.com/Reviews/International-Paper-Reviews-E356.htm,218,12/4/2019,10/1/2022,,,,,,,,,,
green,,4/19/2021,10/7/2021,,,,,J2 Global Inc,,,https://www.glassdoor.com/Reviews/Ziff-Davis-Reviews-E6132150.htm,14,4/19/2020,10/7/2022,,,,,,,,,,
,,6/3/2021,10/8/2021,,,,,Arizona Lithium Ltd,,,https://www.glassdoor.com/Reviews/Arizona-Lithium-Reviews-E10664680.htm,0,6/3/2020,10/8/2022,,,,,,,,,,
green,,10/14/2021,10/14/2021,,,,,Genie Energy Ltd,,,https://www.glassdoor.com/Reviews/Genie-Energy-Reviews-E1034949.htm,2,10/14/2020,10/14/2022,,,,,,,,,,
green,,7/15/2020,11/1/2021,,,,,Dell Technologies Inc,,,https://www.glassdoor.com/Reviews/Dell-Technologies-Reviews-E1327.htm,3540,7/16/2019,11/1/2022,,,,,,,,,,
green,,10/8/2020,11/3/2021,,,,,International Business Machines Corp,,,https://www.glassdoor.com/Reviews/IBM-Reviews-E354.htm,10430,10/9/2019,11/3/2022,,,,,,,,,,
,,11/4/2021,11/4/2021,,,,,Beyond Cancer Ltd,,,https://www.glassdoor.com/Reviews/Living-Beyond-Breast-Cancer-Reviews-E1635365.htm,1,11/4/2020,11/4/2022,,,,,,,,,,
green,,1/11/2021,11/5/2021,,,,,bluebird bio Inc,,,https://www.glassdoor.com/Reviews/bluebird-bio-Reviews-E729710.htm,20,1/12/2020,11/5/2022,,,,,,,,,,
green,,4/29/2021,11/15/2021,,,,,Realty Income Corp,,,https://www.glassdoor.com/Reviews/Realty-Income-Reviews-E3890.htm,7,4/29/2020,11/15/2022,,,,,,,,,,
green,,5/3/2021,12/1/2021,,,,,Meredith Corp,,,https://www.glassdoor.com/Reviews/Meredith-IA-Reviews-E6624707.htm,4,5/3/2020,12/1/2022,,,,,,,,,,
green,,11/8/2021,12/30/2021,,,,,Vector Group Ltd,,,https://www.glassdoor.com/Reviews/Vector-Group-Reviews-E402.htm,1,11/8/2020,12/30/2022,,,,,,,,,,
green,,1/12/2022,1/12/2022,,,,,PTC Inc,,,https://www.glassdoor.com/Reviews/PTC-Reviews-E1855.htm,270,1/12/2021,1/12/2023,,,,,,,,,,
,,10/15/2021,1/21/2022,,,,,Trutankless Inc,,,,,10/15/2020,1/21/2023,,,,,,,,,,
green,,1/26/2022,1/26/2022,,,,,Neudesic LLC,,,https://www.glassdoor.com/Reviews/Neudesic-Reviews-E117212.htm,82,1/26/2021,1/26/2023,,,,,,,,,,
green,,2/24/2021,2/1/2022,,,,,Constellation Energy Corp,,,https://www.glassdoor.com/Reviews/Constellation-Energy-Reviews-E75.htm,70,2/25/2020,2/1/2023,,,,,,,,,,
green,,2/5/2021,3/1/2022,,,,,Zimmer Biomet Holdings Inc,,,https://www.glassdoor.com/Reviews/Zimmer-Biomet-Reviews-E1017414.htm,241,2/6/2020,3/1/2023,,,,,,,,,,
green,,8/2/2021,3/15/2022,,,,,Brookfield Asset Management Inc,,,https://www.glassdoor.com/Reviews/Brookfield-Reviews-E5824.htm,44,8/2/2020,3/15/2023,,,,,,,,,,
green,,5/6/2021,4/1/2022,,,,,Becton Dickinson & Co,,,https://www.glassdoor.com/Reviews/BD-Reviews-E88.htm,501,5/6/2020,4/1/2023,,,,,,,,,,
green,,3/4/2021,4/4/2022,,,,,Colfax Corp,,,https://www.glassdoor.com/Reviews/Colfax-Reviews-E8723.htm,5,3/4/2020,4/4/2023,,,,,,,,,,
,,4/20/2022,4/20/2022,,,,,Pacific Coast Fruit Co,,,https://www.glassdoor.com/Reviews/Pacific-Coast-Fruit-Products-Reviews-E3221460.htm,1,4/20/2021,4/20/2023,,,,,,,,,,
green,,4/26/2022,4/26/2022,,,,,Riordan Lewis & Haden Equity Partners,,,https://www.glassdoor.com/Reviews/RLH-Equity-Reviews-E1000750.htm,1,4/26/2021,4/26/2023,,,,,,,,,,
,,11/8/2021,6/30/2022,,,,,Vinco Ventures Inc,,,https://www.glassdoor.com/Reviews/Vinco-Ventures-Reviews-E5811809.htm,1,11/8/2020,6/30/2023,,,,,,,,,,
green,,1/19/2022,7/1/2022,,,,,Encompass Health Corp,,,https://www.glassdoor.com/Reviews/Encompass-Health-Reviews-E1959649.htm,269,1/19/2021,7/1/2023,,,,,,,,,,
green,,2/3/2021,7/18/2022,,,,,GSK plc,,,https://www.glassdoor.com/Reviews/GSK-Reviews-E3477.htm,678,2/4/2020,7/18/2023,,,,,,,,,,
,,12/20/2021,8/1/2022,,,,,Fortress Transportation & Infrastructure Investors LLC,,,,,12/20/2020,8/1/2023,,,,,,,,,,
green,,5/9/2019,10/3/2022,,,,,Xperi Holding Corp,,,https://www.glassdoor.com/Reviews/Xperi-Reviews-E1563777.htm,29,5/9/2018,10/3/2023,,,,,,,,,,
green,,9/18/2022,10/3/2022,,,,,Biohaven Pharmaceutical Holding Co Ltd,,,https://www.glassdoor.com/Reviews/Biohaven-Pharmaceuticals-Reviews-E3054889.htm,5,9/18/2021,10/3/2023,,,,,,,,,,
green,,12/20/2021,10/6/2022,,,,,Bluerock Residential Growth REIT Inc,,,https://www.glassdoor.com/Reviews/Bluerock-Residential-Growth-Reviews-E5334287.htm,1,12/20/2020,10/6/2023,,,,,,,,,,
green,,8/12/2021,10/7/2022,,,,,LGL Group Inc,,,https://www.glassdoor.com/Reviews/LGL-Group-Reviews-E927.htm,1,8/12/2020,10/7/2023,,,,,,,,,,
green,,3/8/2022,11/1/2022,,,,,XPO Logistics Inc,,,https://www.glassdoor.com/Reviews/XPO-Reviews-E615153.htm,579,3/8/2021,11/1/2023,,,,,,,,,,
green,,3/16/2022,12/1/2022,,,,,Fidelity National Financial Inc,,,https://www.glassdoor.com/Reviews/Fidelity-National-Financial-Reviews-E39083.htm,113,3/16/2021,12/1/2023,,,,,,,,,,
green,,4/28/2022,12/14/2022,,,,,Fortune Brands Home & Security Inc,,,https://www.glassdoor.com/Reviews/Fortune-Brands-Innovations-Reviews-E31.htm,18,4/28/2021,12/14/2023,,,,,,,,,,
green,,11/9/2021,1/3/2023,,,,,General Electric Co,,,https://www.glassdoor.com/Reviews/GE-Reviews-E277.htm,1536,11/9/2020,1/3/2024,,,,,,,,,,
green,,7/19/2022,1/17/2023,,,,,Jefferies Financial Group Inc,,,https://www.glassdoor.com/Reviews/Jefferies-Reviews-E1546.htm,123,7/19/2021,1/17/2024,,,,,,,,,,
,,8/11/2022,3/31/2023,,,,,iStar Inc,,,https://www.glassdoor.com/Reviews/iStar-Reviews-E1262.htm,3,8/11/2021,3/30/2024,,,,,,,,,,
green,,3/30/2022,4/3/2023,,,,,Crane Holdings Co,,,https://www.glassdoor.com/Reviews/Crane-Co-Reviews-E185.htm,29,3/30/2021,4/2/2024,,,,,,,,,,
green,,10/26/2022,4/20/2023,,,,,Madison Square Garden Entertainment Corp,,,https://www.glassdoor.com/Reviews/Madison-Square-Garden-Reviews-E16146.htm,83,10/26/2021,4/19/2024,,,,,,,,,,
green,,4/24/2023,4/24/2023,,,,,Curative Health Holdings Inc,,,https://www.glassdoor.com/Reviews/Curative-Inc-Reviews-E3509458.htm,64,4/24/2022,4/23/2024,,,,,,,,,,
green,,5/10/2023,5/10/2023,,,,,Petal Card Inc,,,https://www.glassdoor.com/Reviews/Petal-Reviews-E1911245.htm,9,5/10/2022,5/9/2024,,,,,,,,,,
green,,5/16/2023,5/16/2023,,,,,Meta Platforms Inc,,,https://www.glassdoor.com/Reviews/Meta-Reviews-E40772.htm,1657,5/16/2022,5/15/2024,,,,,,,,,,
green,,2/13/2023,5/22/2023,,,,,Wisekey International Holding AG,,,https://www.glassdoor.com/Reviews/WISeKey-Reviews-E34853.htm,1,2/13/2022,5/21/2024,,,,,,,,,,
,,7/6/2022,5/26/2023,,,,,Houston Natural Resources Corp,,,https://www.glassdoor.com/Reviews/ERM-Reviews-E13917.htm,181,7/6/2021,5/25/2024,,,,,,,,,,
green,,8/4/2022,6/1/2023,,,,,MDU Resources Group Inc,,,https://www.glassdoor.com/Reviews/MDU-Resources-Reviews-E419.htm,4,8/4/2021,5/31/2024,,,,,,,,,,
green,,7/28/2022,7/3/2023,,,,,Labcorp Holdings Inc,,,https://www.glassdoor.com/Reviews/Labcorp-Reviews-E1679.htm,1079,7/28/2021,7/2/2024,,,,,,,,,,
green,,12/6/2022,7/3/2023,,,,,BorgWarner Inc,,,https://www.glassdoor.com/Reviews/BorgWarner-Reviews-E1652.htm,124,12/6/2021,7/2/2024,,,,,,,,,,
,,2/23/2023,7/31/2023,,,,,JS Global Lifestyle Co Ltd,,,https://www.glassdoor.com/Reviews/JS-Global-Lifestyle-Reviews-E10325329.htm,0,2/23/2022,7/30/2024,,,,,,,,,,
green,,9/12/2023,9/12/2023,,,,,Netography Inc,,,https://www.glassdoor.com/Reviews/Netography-Reviews-E6894843.htm,1,9/12/2022,9/11/2024,,,,,,,,,,
green,,12/23/2022,9/28/2023,,,,,Safe & Green Holdings Corp,,,https://www.glassdoor.com/Reviews/Safe-and-Green-Holdings-Reviews-E8372972.htm,1,12/23/2021,9/27/2024,,,,,,,,,,
green,,9/14/2022,9/30/2023,,,,,Danaher Corp,,,https://www.glassdoor.com/Reviews/Danaher-Reviews-E193.htm,80,9/14/2021,9/29/2024,,,,,,,,,,
green,,6/21/2022,10/2/2023,,,,,Kellanova,,,https://www.glassdoor.com/Reviews/Kellanova-Reviews-E377.htm,298,6/21/2021,10/1/2024,,,,,,,,,,
green,,5/10/2022,10/2/2023,,,,,Aramark Corp,,,https://www.glassdoor.com/Reviews/Aramark-Reviews-E2716.htm,1180,5/10/2021,10/1/2024,,,,,,,,,,
,,10/4/2023,10/4/2023,,,,,Utica Resource Ventures LLC,,,,,10/4/2022,10/3/2024,,,,,,,,,,
green,,9/15/2022,10/16/2023,,,,,NCR Voyix Corp,,,https://www.glassdoor.com/Reviews/NCR-Voyix-Reviews-E10016304.htm,16,9/15/2021,10/15/2024,,,,,,,,,,
green,,9/20/2023,11/1/2023,,,,,WP Carey Inc,,,https://www.glassdoor.com/Reviews/W-P-Carey-Reviews-E7682.htm,8,9/20/2022,10/31/2024,,,,,,,,,,
green,,11/2/2022,11/15/2023,,,,,Alkermes PLC,,,https://www.glassdoor.com/Reviews/Alkermes-Reviews-E1176.htm,47,11/2/2021,11/14/2024,,,,,,,,,,
,,11/21/2023,11/21/2023,,,,,Rough House Games Inc,,,https://www.glassdoor.com/Reviews/Rough-House-Games-Reviews-E10120883.htm,0,11/21/2022,11/20/2024,,,,,,,,,,
green,,9/29/2022,12/1/2023,,,,,Worthington Enterprises Inc,,,https://www.glassdoor.com/Reviews/Worthington-Enterprises-Reviews-E2046.htm,45,9/29/2021,11/30/2024,,,,,,,,,,
green,,2/1/2023,1/2/2024,,,,,Flex Ltd,,,https://www.glassdoor.com/Reviews/Flex-Reviews-E1036355.htm,480,2/1/2022,1/1/2025,,,,,,,,,,
,,2/29/2024,2/29/2024,,,,,Elda River Capital Management LLC,,,,,3/1/2023,2/28/2025,,,,,,,,,,
green,,7/26/2022,4/1/2024,,,,,3M Co,,,https://www.glassdoor.com/Reviews/3M-Reviews-E446.htm,569,7/26/2021,4/1/2025,,,,,,,,,,
green,,11/9/2021,4/2/2024,,,,,General Electric Co,,,https://www.glassdoor.com/Reviews/GE-Reviews-E277.htm,1536,11/9/2020,4/2/2025,,,,,,,,,,
green,,1/23/2024,5/30/2024,,,,,Inhibrx Inc,,,https://www.glassdoor.com/Reviews/Inhibrx-Reviews-E3237539.htm,1,1/23/2023,5/30/2025,,,,,,,,,,
green,,6/3/2024,6/24/2024,,,,,Illumina Inc,,,https://www.glassdoor.com/Reviews/Illumina-Reviews-E11671.htm,245,6/4/2023,6/24/2025,,,,,,,,,,
,,2/22/2024,7/9/2024,,,,,AFC Gamma Inc,,,https://www.glassdoor.com/Reviews/Advanced-Flower-Capital-Gamma-Reviews-E5035901.htm,0,2/22/2023,7/9/2025,,,,,,,,,,
